PLAYER_ID,name,team,hp,attack,defense,sp_attack,sp_defense,speed,base_stat_total,pokemon_id,pokemon_name,pokemon_type1,pokemon_type2,pokemon_hp,pokemon_attack,pokemon_defense,pokemon_sp_attack,pokemon_sp_defense,pokemon_speed,pokemon_base_stat_total,total_stat_difference,match_quality_percentile
1631260,AJ Green,MIL,100,60,48,110,45,89,452,956,espathra,psychic,,95,60,60,101,60,105,481,0.058,46.4
203932,Aaron Gordon,DEN,53,105,62,97,135,28,480,691,dragalge,poison,dragon,65,75,90,97,123,44,494,0.0969,9.0
1628988,Aaron Holiday,HOU,44,25,35,51,150,20,325,176,togetic,fairy,flying,55,40,85,80,105,40,405,0.2142,0.3
1630174,Aaron Nesmith,IND,65,68,85,94,70,114,496,121,starmie,water,psychic,60,75,85,100,85,115,520,0.0361,90.2
1630598,Aaron Wiggins,OKC,68,61,65,50,30,101,375,264,linoone,normal,,78,70,61,50,61,100,420,0.0856,16.1
1642846,Ace Bailey,UTA,89,80,67,60,45,55,396,402,kricketune,bug,,77,85,51,55,51,65,384,0.0621,41.0
1641737,Adem Bona,PHI,60,60,100,35,40,65,360,557,dwebble,bug,rock,50,65,85,35,35,55,325,0.0636,38.2
1642349,Ajay Mitchell,OKC,70,80,90,85,75,110,510,547,whimsicott,grass,fairy,60,67,85,77,75,116,480,0.0401,85.7
201143,Al Horford,GSW,50,65,95,81,120,35,446,413,wormadam-plant,bug,grass,60,59,85,79,105,36,424,0.0496,65.7
1627936,Alex Caruso,OKC,55,70,45,60,85,75,390,958,tinkatuff,fairy,steel,65,55,55,45,82,78,380,0.0671,34.0
1642259,Alex Sarr,WAS,64,95,135,58,53,73,478,968,orthworm,steel,,70,85,145,60,55,65,480,0.0366,88.8
1630578,Alperen Sengun,HOU,110,120,105,85,40,95,555,473,mamoswine,ice,ground,110,130,80,70,60,80,530,0.0732,26.5
1641708,Amen Thompson,HOU,150,117,95,90,110,100,662,487,giratina-altered,ghost,dragon,150,100,120,100,120,90,680,0.0519,59.8
203083,Andre Drummond,PHI,60,49,70,36,75,30,320,285,shroomish,grass,,60,40,60,40,60,35,295,0.0688,31.3
1629614,Andrew Nembhard,IND,80,85,40,125,56,70,456,849,toxtricity-amped,electric,poison,75,98,70,114,70,75,502,0.0791,22.0
203952,Andrew Wiggins,MIA,90,85,60,77,65,74,451,435,skuntank,poison,dark,103,93,67,71,61,84,479,0.0448,77.0
1629014,Anfernee Simons,CHI,65,80,50,95,60,35,385,256,combusken,fire,fighting,60,85,60,85,60,55,405,0.0645,37.3
1641710,Anthony Black,ORL,85,84,60,80,70,67,446,502,dewott,water,,75,75,60,83,60,60,413,0.0429,81.2
203076,Anthony Davis,WAS,38,120,150,50,50,25,433,680,doublade,steel,ghost,59,110,150,45,49,35,448,0.0586,45.4
1630162,Anthony Edwards,MIN,95,140,70,120,75,45,545,899,wyrdeer,normal,psychic,103,105,72,105,75,65,525,0.0819,19.8
1630264,Anthony Gill,WAS,50,90,60,40,45,40,325,942,maschiff,dark,,60,78,60,40,51,51,340,0.0602,42.3
1641709,Ausar Thompson,DET,84,65,105,65,115,112,546,497,serperior,grass,,75,75,95,75,95,113,528,0.0521,59.1
1630559,Austin Reaves,LAL,79,131,50,109,100,138,607,807,zeraora,electric,,88,112,75,102,80,143,600,0.065,36.5
1630245,Ayo Dosunmu,MIN,82,100,78,85,110,91,546,1016,fezandipiti,poison,fairy,88,91,82,70,125,99,555,0.0462,73.3
1628389,Bam Adebayo,MIA,106,111,103,100,90,90,600,151,mew,psychic,,100,100,100,100,100,100,600,0.0319,95.5
1631248,Baylor Scheierman,BOS,70,65,90,55,50,50,380,651,quilladin,grass,,61,78,95,56,58,57,405,0.0502,64.0
1642879,Ben Saraf,BKN,50,45,40,40,45,65,285,339,barboach,water,ground,50,48,43,46,41,60,288,0.034,93.7
1641767,Ben Sheppard,IND,67,55,50,60,52,85,369,662,fletchinder,fire,flying,62,73,55,56,52,84,382,0.0527,58.2
1631097,Bennedict Mathurin,LAC,75,93,85,55,50,45,403,372,shelgon,dragon,,65,95,100,60,50,50,420,0.0473,71.2
1641731,Bilal Coulibaly,WAS,70,61,80,62,80,52,405,8,wartortle,water,,59,63,80,65,80,58,405,0.0322,95.0
1626171,Bobby Portis Jr.,MIL,75,80,50,70,60,50,385,499,pignite,fire,fighting,90,93,55,70,55,55,418,0.0539,55.6
1630538,Bones Hyland,MIN,60,70,45,75,60,45,355,459,snover,grass,ice,60,62,50,62,60,40,334,0.0488,68.0
1641764,Brandin Podziemski,GSW,105,80,65,80,86,130,546,169,crobat,poison,flying,85,90,80,70,80,130,535,0.0543,54.8
1627742,Brandon Ingram,TOR,124,118,101,86,56,30,515,879,copperajah,steel,,122,130,69,80,69,30,500,0.0731,26.9
1641706,Brandon Miller,CHA,88,110,100,110,80,60,548,604,eelektross,electric,,85,115,80,105,80,50,515,0.0445,78.2
1630314,Brandon Williams,DAL,70,85,55,70,60,100,440,22,fearow,normal,flying,65,90,65,61,61,100,442,0.0345,92.9
1641729,Brice Sensabaugh,UTA,80,100,32,70,60,70,412,275,shiftry,grass,dark,90,100,60,90,60,80,480,0.0834,18.4
201572,Brook Lopez,LAC,75,60,112,60,85,20,412,219,magcargo,fire,rock,60,50,120,90,80,30,430,0.0893,13.8
1628971,Bruce Brown,DEN,90,52,40,30,90,20,322,422,shellos,water,,76,48,48,57,62,34,325,0.1377,1.3
1631121,Bryce McGowens,NOP,48,60,30,65,75,110,388,311,plusle,electric,,60,50,40,85,75,95,405,0.0785,23.3
1642267,Bub Carrington,WAS,100,50,45,90,45,65,395,666,vivillon,bug,flying,80,52,50,90,50,89,411,0.0796,21.7
1627741,Buddy Hield,ATL,45,65,70,65,30,106,381,587,emolga,electric,flying,55,75,60,75,60,103,428,0.0894,13.5
203468,CJ McCollum,ATL,100,105,55,105,100,90,555,851,centiskorch,fire,bug,100,115,65,90,90,65,525,0.0628,39.7
1630595,Cade Cunningham,DET,95,125,100,145,100,105,670,484,palkia,water,dragon,90,120,100,150,120,100,680,0.0331,94.2
1631126,Caleb Love,POR,55,60,20,61,82,30,308,704,goomy,dragon,,45,50,35,55,75,40,300,0.0812,20.2
1628997,Caleb Martin,DAL,45,40,70,30,95,85,365,417,pachirisu,electric,,60,45,70,45,90,95,405,0.0636,38.2
1642285,Cam Spencer,MEM,75,70,44,120,55,75,439,267,beautifly,bug,flying,60,70,50,100,50,65,395,0.0672,33.6
1630560,Cam Thomas,MIL,48,70,25,79,25,29,276,69,bellsprout,grass,poison,50,75,35,70,30,40,300,0.0655,35.4
1629661,Cameron Johnson,DEN,75,76,54,105,45,82,437,441,chatot,normal,flying,76,65,45,92,42,91,411,0.0507,63.0
1627747,Caris LeVert,DET,60,48,75,38,65,50,336,540,sewaddle,bug,grass,45,53,70,40,60,42,310,0.0594,44.2
1642868,Carter Bryant,SAS,45,45,93,25,42,45,295,104,cubone,ground,,50,50,95,40,50,35,320,0.0684,32.0
1641717,Cason Wallace,OKC,90,55,75,71,130,70,491,226,mantine,water,flying,85,40,70,80,140,70,485,0.0438,79.4
1642907,Cedric Coward,MEM,75,85,95,88,75,125,543,715,noivern,flying,dragon,85,70,80,97,80,123,535,0.0477,70.4
1631096,Chet Holmgren,OKC,90,124,150,65,90,60,579,768,golisopod,bug,water,75,125,140,60,90,40,530,0.0494,66.3
1631128,Christian Braun,DEN,68,105,50,85,100,45,453,775,komala,normal,,65,115,65,75,95,65,480,0.0628,39.7
203991,Clint Capela,HOU,50,40,131,30,131,35,417,790,cosmoem,psychic,,43,29,131,29,131,37,400,0.0324,94.7
1629632,Coby White,CHA,61,105,75,100,50,95,486,512,simisage,grass,,75,98,63,98,63,101,498,0.0497,65.3
1642262,Cody Williams,UTA,75,69,60,46,35,77,362,434,stunky,poison,dark,63,63,47,41,41,74,329,0.0592,44.7
1630175,Cole Anthony,MIL,25,45,45,35,40,80,270,60,poliwag,water,,40,50,40,40,40,90,300,0.0702,29.6
1631221,Collin Gillespie,PHX,100,62,50,125,101,150,588,897,spectrier,ghost,,100,65,60,145,80,130,580,0.0629,39.2
1642867,Collin Murray-Boyles,TOR,61,80,80,40,80,75,416,507,herdier,normal,,65,80,65,35,65,60,370,0.0681,32.4
1629012,Collin Sexton,CHI,75,95,65,75,90,60,460,119,seaking,water,,80,92,65,65,80,68,450,0.0379,87.6
1642843,Cooper Flagg,DAL,105,115,105,80,75,100,580,445,garchomp,dragon,ground,108,130,95,80,85,102,600,0.0355,91.4
1630557,Corey Kispert,ATL,55,82,67,41,50,80,375,444,gabite,dragon,ground,68,90,65,50,55,82,410,0.0475,70.9
1641854,Craig Porter Jr.,CLE,60,40,80,60,70,68,378,575,gothorita,psychic,,60,45,70,75,85,55,390,0.071,29.1
1631342,Daeqwon Plowden,SAC,45,100,75,76,40,65,401,354,banette,ghost,,64,115,65,83,63,65,455,0.0831,18.8
1631207,Dalen Terry,PHI,30,35,55,30,65,91,306,370,luvdisc,water,,43,30,55,40,65,97,330,0.0571,47.9
1642261,Dalton Knecht,LAL,34,63,35,20,40,23,215,261,poochyena,dark,,35,55,35,30,30,35,220,0.093,11.4
1629655,Daniel Gafford,DAL,60,92,130,29,83,100,494,472,gliscor,ground,flying,75,95,125,45,75,95,510,0.049,67.3
1642450,Daniss Jenkins,DET,70,45,37,60,90,90,392,312,minun,electric,,60,40,50,75,85,95,405,0.0599,42.6
1642874,Danny Wolf,BKN,60,50,90,50,100,40,390,222,corsola,water,rock,65,55,95,65,95,35,410,0.0468,72.5
1629636,Darius Garland,LAC,65,109,44,114,53,49,434,332,cacturne,grass,dark,70,115,60,115,60,55,475,0.0442,79.1
1630558,Davion Mitchell,MIA,90,67,48,124,70,101,500,1015,munkidori,poison,psychic,88,75,66,130,90,106,555,0.0554,50.1
1630549,Day'Ron Sharpe,BKN,60,85,80,45,90,71,431,962,bombirdier,flying,dark,70,103,85,60,85,82,485,0.0625,40.5
1628368,De'Aaron Fox,SAS,100,120,55,115,65,67,522,430,honchkrow,dark,flying,100,125,52,105,52,71,505,0.0348,92.3
1629631,De'Andre Hunter,SAC,60,80,60,60,30,30,320,341,corphish,water,,43,80,65,50,35,35,308,0.0686,31.7
1629001,De'Anthony Melton,GSW,58,70,45,70,80,100,423,253,grovyle,grass,,50,65,45,85,65,95,405,0.0574,47.4
201942,DeMar DeRozan,SAC,110,107,45,85,35,47,429,320,wailmer,water,,130,70,35,70,35,60,400,0.1148,4.0
1629731,Dean Wade,CLE,65,70,75,65,83,65,423,153,bayleef,grass,,60,62,80,63,80,60,405,0.0298,96.8
1629028,Deandre Ayton,LAL,86,113,115,30,63,35,442,185,sudowoodo,rock,,70,100,115,30,65,30,410,0.05,64.8
1630166,Deni Avdija,POR,95,130,100,120,35,64,544,1018,archaludon,steel,dragon,90,105,130,125,65,85,600,0.0944,10.8
203471,Dennis Schröder,CLE,75,53,42,70,58,85,383,860,morgrem,dark,fairy,65,60,45,75,55,70,370,0.0542,55.0
1642852,Derik Queen,NOP,90,66,100,55,75,35,421,531,audino,normal,,103,60,86,60,86,50,445,0.0642,37.6
1627884,Derrick Jones Jr.,LAC,65,80,85,65,75,43,413,600,klang,steel,,60,80,95,70,85,50,440,0.0405,85.3
1628401,Derrick White,BOS,130,85,117,125,110,95,662,493,arceus,normal,,120,120,120,120,120,120,720,0.0661,34.7
1630217,Desmond Bane,ORL,150,115,65,101,130,95,656,250,ho-oh,fire,flying,106,130,90,110,154,90,680,0.0882,14.0
1626164,Devin Booker,PHX,95,130,72,112,85,72,566,861,grimmsnarl,dark,fairy,95,120,65,95,75,60,510,0.0485,68.5
1642269,Devin Carter,SAC,40,59,35,60,31,50,275,453,croagunk,poison,fighting,48,61,40,61,40,50,300,0.046,73.8
1630170,Devin Vassell,SAS,90,75,70,115,70,50,470,556,maractus,grass,,75,86,67,106,67,60,461,0.0502,64.0
1628415,Dillon Brooks,PHX,75,105,55,75,55,42,407,735,gumshoos,normal,,88,110,60,55,60,45,418,0.0619,41.3
1627734,Domantas Sabonis,SAC,35,110,90,50,35,123,443,632,durant,bug,steel,58,109,112,48,48,109,484,0.0802,21.4
1631230,Dominick Barlow,PHI,75,71,110,43,65,103,467,241,miltank,normal,,95,80,105,40,70,100,490,0.049,67.3
1642270,Donovan Clingan,POR,91,95,150,75,40,50,501,205,forretress,bug,steel,75,90,140,60,60,40,465,0.0689,31.0
1628378,Donovan Mitchell,CLE,105,143,83,135,70,60,596,373,salamence,dragon,flying,95,135,80,110,80,100,600,0.0836,18.0
1628978,Donte DiVincenzo,MIN,110,65,75,125,100,97,572,647,keldeo-ordinary,water,fighting,91,72,90,129,90,108,580,0.0513,61.1
1627827,Dorian Finney-Smith,HOU,38,45,35,30,75,20,243,953,rellor,bug,,41,50,60,31,58,30,270,0.1263,2.9
1642962,Drake Powell,BKN,65,55,40,29,50,45,284,48,venonat,bug,poison,60,55,50,40,55,45,305,0.0559,48.9
203110,Draymond Green,GSW,80,65,95,73,79,38,430,838,carkol,rock,fire,80,60,90,60,70,50,410,0.0502,64.0
1629234,Drew Eubanks,SAC,30,65,71,26,55,40,287,374,beldum,steel,psychic,40,55,80,35,60,30,300,0.0752,25.4
1630696,Dru Smith,MIA,59,41,60,35,114,120,429,959,tinkaton,fairy,steel,85,75,77,70,105,94,506,0.137,1.6
1629130,Duncan Robinson,DET,92,84,85,131,45,84,521,469,yanmega,bug,flying,86,76,86,116,56,95,515,0.046,73.8
203939,Dwight Powell,DAL,50,64,70,45,55,105,389,61,poliwhirl,water,,65,65,65,50,50,90,385,0.0593,44.4
1642928,Dylan Cardwell,SAC,50,60,130,40,100,50,430,299,nosepass,rock,,30,45,135,45,90,30,375,0.0852,16.9
1642844,Dylan Harper,SAS,72,80,76,72,85,80,465,362,glalie,ice,,80,80,80,80,80,80,480,0.0275,97.9
1630700,Dyson Daniels,ATL,115,83,90,105,116,136,645,1008,miraidon,electric,dragon,100,85,100,135,115,135,670,0.0534,56.7
1642856,Egor Dëmin,BKN,64,46,60,100,60,97,427,817,drizzile,water,,65,60,55,95,55,90,420,0.0423,82.0
1641989,Elijah Harkless,UTA,30,40,30,69,95,30,294,669,flabebe,fairy,,44,38,39,61,79,42,303,0.0914,12.4
1630679,Ethan Thompson,IND,40,35,40,60,95,98,368,166,ledian,bug,flying,55,35,50,55,110,85,390,0.072,28.3
1630596,Evan Mobley,CLE,90,125,143,65,81,75,579,1014,okidogi,poison,fighting,88,128,115,58,86,80,555,0.0528,57.9
1630532,Franz Wagner,ORL,55,120,85,80,45,105,490,923,pawmot,electric,fighting,70,115,70,70,60,105,490,0.0577,47.1
1641713,GG Jackson,MEM,60,86,70,62,50,45,373,696,tyrunt,rock,dragon,58,89,77,45,45,48,362,0.0534,56.7
1629216,Gabe Vincent,ATL,47,20,40,60,30,65,262,694,helioptile,electric,normal,44,38,33,61,43,70,289,0.0872,15.3
203914,Gary Harris,MIL,40,30,31,35,60,32,228,270,lotad,water,grass,40,30,30,40,50,30,220,0.0509,62.3
1627780,Gary Payton II,GSW,60,90,60,50,55,100,415,814,raboot,fire,,65,86,60,55,60,94,420,0.027,98.1
1629018,Gary Trent Jr.,MIL,65,45,39,60,34,20,263,179,mareep,electric,,55,40,40,65,45,35,280,0.0821,19.6
203507,Giannis Antetokounmpo,MIL,55,150,145,95,55,45,545,376,metagross,steel,psychic,80,135,130,95,90,70,600,0.0945,10.6
1629048,Goga Bitadze,ORL,50,85,120,40,50,50,395,75,graveler,rock,ground,55,95,115,45,45,35,390,0.0525,58.7
1641711,Gradey Dick,TOR,55,48,30,40,95,80,348,957,tinkatink,fairy,steel,50,45,45,35,64,58,297,0.1289,2.4
1629684,Grant Williams,CHA,40,60,85,70,120,70,445,830,eldegoss,grass,,60,50,90,80,120,60,460,0.0595,43.7
1628960,Grayson Allen,PHX,70,95,50,113,55,60,443,336,seviper,poison,,73,100,60,100,60,65,458,0.0417,83.3
1627824,Guerschon Yabusele,CHI,54,40,60,45,65,55,319,333,swablu,normal,flying,45,40,60,40,75,50,310,0.0483,69.6
1630611,Gui Santos,GSW,68,86,45,60,65,78,402,907,floragato,grass,,61,80,63,60,63,83,410,0.0515,60.6
203084,Harrison Barnes,SAS,88,70,52,85,68,70,433,337,lunatone,rock,psychic,90,55,65,95,85,70,460,0.0628,39.7
1630529,Herbert Jones,NOP,74,55,70,80,122,80,481,326,grumpig,psychic,,80,45,65,90,110,80,470,0.0423,82.0
1642864,Hugo González,BOS,55,53,91,45,70,65,379,544,whirlipede,bug,poison,40,55,99,40,79,47,360,0.0728,27.2
1630193,Immanuel Quickley,TOR,100,95,69,133,78,70,545,103,exeggutor,grass,psychic,95,95,85,125,75,55,530,0.0448,77.0
1630171,Isaac Okoro,CHI,75,65,75,65,38,135,453,528,swoobat,psychic,flying,67,57,55,77,55,114,425,0.0853,16.5
1642268,Isaiah Collier,UTA,70,75,35,80,30,35,325,331,cacnea,grass,,50,85,40,85,40,35,335,0.0773,24.3
1628392,Isaiah Hartenstein,OKC,59,80,150,60,65,121,535,638,cobalion,steel,fighting,91,90,129,90,72,108,580,0.0929,11.8
1630543,Isaiah Jackson,LAC,50,75,80,50,90,55,400,541,swadloon,bug,grass,55,63,90,50,80,42,380,0.0595,43.7
1630198,Isaiah Joe,OKC,70,90,50,90,75,94,469,126,magmar,fire,,65,95,57,100,85,93,495,0.0359,90.7
1630191,Isaiah Stewart,DET,65,90,139,35,35,30,394,525,boldore,rock,,70,105,105,50,40,20,390,0.1069,6.6
1627826,Ivica Zubac,IND,70,101,140,50,45,50,456,305,lairon,steel,rock,60,90,140,50,50,40,430,0.042,82.5
1629630,Ja Morant,MEM,35,100,91,92,45,95,458,117,seadra,water,,55,65,95,95,45,85,440,0.0932,11.1
1642266,Ja'Kobe Walter,TOR,70,55,66,59,90,100,440,189,jumpluff,grass,flying,75,55,70,55,95,110,460,0.03,96.6
1631095,Jabari Smith Jr.,HOU,150,92,115,91,55,38,541,977,dondozo,water,,150,100,115,65,65,35,530,0.0544,54.5
1631133,Jabari Walker,PHI,43,48,50,42,65,36,284,751,dewpider,water,bug,38,40,52,40,72,27,269,0.0545,54.1
1630702,Jaden Hardy,WAS,50,55,43,75,75,45,343,1,bulbasaur,grass,poison,45,49,49,65,65,45,318,0.0521,59.1
1631093,Jaden Ivey,CHI,40,56,55,50,40,50,291,782,jangmo-o,dragon,,45,55,65,45,45,45,300,0.048,70.0
1630183,Jaden McDaniels,MIN,103,95,115,70,75,90,548,862,obstagoon,dark,normal,93,90,101,60,81,95,520,0.0411,84.4
1642942,Jahmai Mashack,MEM,40,44,40,30,102,70,326,72,tentacool,water,poison,40,40,35,50,100,70,335,0.0638,37.8
1631170,Jaime Jaquez Jr.,MIA,95,100,80,75,55,108,513,701,hawlucha,fighting,flying,78,92,75,74,63,118,500,0.046,73.8
1631222,Jake LaRavia,LAL,90,64,65,60,71,90,440,964,palafin-zero,water,,100,70,72,53,62,100,457,0.0454,75.5
1627751,Jakob Poeltl,TOR,60,110,80,45,55,108,458,85,dodrio,normal,flying,60,110,70,60,60,110,470,0.0405,85.3
1628973,Jalen Brunson,NYK,120,130,35,136,50,150,621,795,pheromosa,bug,fighting,71,137,37,137,37,151,570,0.086,15.6
1631105,Jalen Duren,DET,88,130,125,55,60,110,568,990,iron-treads,ground,steel,90,112,120,72,70,106,570,0.0484,69.0
1630224,Jalen Green,PHX,45,100,100,83,107,48,483,442,spiritomb,ghost,dark,50,92,108,92,108,35,485,0.0415,83.9
1630552,Jalen Johnson,ATL,115,125,100,121,80,65,606,800,necrozma,psychic,,97,107,101,127,89,79,600,0.0514,60.8
1629618,Jalen Pickett,DEN,45,35,86,40,63,26,295,616,shelmet,bug,,50,40,85,40,65,25,305,0.0249,99.5
1630188,Jalen Smith,CHI,55,90,130,85,40,95,495,884,duraludon,steel,dragon,70,95,115,120,50,85,535,0.0846,17.5
1630591,Jalen Suggs,ORL,73,85,60,100,125,116,559,640,virizion,grass,fighting,91,90,72,90,129,108,580,0.0456,75.0
1631114,Jalen Williams,OKC,50,100,82,90,65,75,462,841,flapple,grass,dragon,70,110,80,95,60,70,485,0.0508,62.7
1630592,Jalen Wilson,BKN,45,30,35,45,30,40,225,848,toxel,electric,poison,40,38,35,54,35,40,242,0.0598,43.0
1627750,Jamal Murray,DEN,132,130,50,150,60,50,572,716,xerneas,fairy,,126,131,95,131,98,99,680,0.1265,2.6
1642347,Jamal Shead,TOR,80,35,30,100,85,40,370,578,duosion,psychic,,65,40,50,125,60,30,370,0.1209,3.4
1631123,Jamaree Bouyea,PHX,40,50,65,35,110,41,341,352,kecleon,normal,,60,90,70,60,120,40,440,0.1343,1.9
201935,James Harden,CLE,110,123,60,130,80,25,528,842,appletun,grass,dragon,110,85,80,100,80,30,485,0.1039,7.1
1642364,Jamir Watkins,WAS,55,75,65,55,65,72,387,505,watchog,normal,,60,85,69,60,69,77,420,0.0357,91.0
1642419,Jamison Battle,TOR,20,50,74,40,48,32,264,599,klink,steel,,40,55,70,45,60,30,300,0.0879,14.4
1641716,Jarace Walker,IND,85,57,60,60,70,35,367,682,spritzee,fairy,,78,52,60,63,65,23,341,0.0448,77.0
1642272,Jared McCain,OKC,60,40,60,61,55,80,356,677,espurr,psychic,,62,48,54,63,60,68,355,0.0468,72.5
1628991,Jaren Jackson Jr.,UTA,70,110,120,90,150,50,590,719,diancie,rock,fairy,50,100,150,100,150,50,600,0.0651,36.2
1629020,Jarred Vanderbilt,LAL,58,55,52,40,106,70,381,676,furfrou,normal,,75,80,60,65,90,102,472,0.1259,3.2
1628386,Jarrett Allen,CLE,70,120,125,50,75,99,539,470,leafeon,grass,,65,110,130,60,65,95,525,0.036,90.5
1642859,Jase Richardson,ORL,35,47,42,45,80,78,327,37,vulpix,fire,,38,41,40,50,65,65,299,0.0691,30.7
1642914,Javon Small,MEM,45,60,70,85,85,60,405,583,vanillish,ice,,51,65,65,80,75,59,395,0.0364,89.2
1629750,Javonte Green,DET,70,65,80,45,80,65,405,660,diggersby,normal,ground,85,56,77,50,77,78,423,0.055,52.0
1629637,Jaxson Hayes,LAL,60,104,65,40,70,20,359,47,parasect,bug,grass,60,95,80,60,80,30,405,0.0788,22.2
1630643,Jay Huff,IND,76,92,110,60,100,40,478,875,eiscue-ice,ice,,75,80,110,65,90,50,470,0.0406,84.9
1627759,Jaylen Brown,BOS,110,136,105,95,60,88,594,244,entei,fire,,115,115,85,90,75,100,580,0.0605,42.1
1641740,Jaylen Clark,MIN,49,40,77,40,95,30,331,825,dottler,bug,psychic,50,35,80,50,90,30,335,0.038,87.3
1642377,Jaylen Wells,MEM,80,75,53,87,80,66,441,272,ludicolo,water,grass,80,70,70,90,100,70,480,0.059,45.0
1631119,Jaylin Williams,OKC,62,55,99,65,95,90,466,334,altaria,dragon,flying,75,70,90,70,105,80,490,0.0554,50.1
1642281,Jaylon Tyson,CLE,80,80,90,75,60,90,475,288,vigoroth,normal,,80,80,80,55,55,90,440,0.0501,64.6
1628369,Jayson Tatum,BOS,20,115,110,120,130,20,515,858,hatterene,psychic,fairy,57,90,95,136,103,29,510,0.1118,4.8
203924,Jerami Grant,POR,75,102,50,95,50,74,446,414,mothim,bug,flying,70,94,50,94,50,66,424,0.0285,97.5
1642847,Jeremiah Fears,NOP,92,74,41,64,60,65,396,536,palpitoad,water,ground,75,65,55,65,55,69,384,0.0632,38.6
1630579,Jericho Sims,MIL,65,100,60,40,57,56,378,749,mudbray,ground,,70,100,70,45,55,45,385,0.0435,80.0
1641724,Jett Howard,ORL,40,30,48,54,30,20,222,872,snom,ice,bug,30,25,35,45,30,20,185,0.0952,10.3
1628975,Jevon Carter,ORL,45,40,40,40,100,40,305,96,drowzee,psychic,,60,48,45,43,90,42,328,0.0653,35.7
202710,Jimmy Butler III,GSW,60,120,50,100,105,115,550,466,electivire,electric,,75,123,67,95,85,95,540,0.0674,33.3
1629111,Jock Landale,ATL,70,75,80,54,35,58,372,159,croconaw,water,,65,80,80,59,63,58,405,0.0754,24.9
203954,Joel Embiid,PHI,60,132,120,95,85,30,522,781,dhelmise,ghost,grass,70,131,100,86,90,40,517,0.0512,61.4
1628381,John Collins,LAC,82,105,90,50,70,60,457,834,drednaw,water,rock,90,115,90,48,68,74,485,0.0407,84.7
1629723,John Konchar,UTA,56,70,45,45,150,108,474,73,tentacruel,water,poison,80,70,65,80,120,100,515,0.1138,4.5
1642277,Johnny Furphy,IND,40,55,55,53,50,110,363,25,pikachu,electric,,35,55,40,50,50,90,320,0.0752,25.4
202685,Jonas Valanciunas,DEN,46,75,95,24,25,20,285,74,geodude,rock,ground,40,80,100,30,30,20,300,0.0415,83.9
1628371,Jonathan Isaac,ORL,20,45,100,20,115,20,320,355,duskull,ghost,,20,40,90,30,90,25,295,0.0962,9.5
1630228,Jonathan Kuminga,ATL,45,75,80,45,108,80,433,778,mimikyu-disguised,ghost,fairy,55,90,80,50,105,96,476,0.0546,53.7
203903,Jordan Clarkson,NYK,62,60,60,50,28,65,325,810,grookey,grass,,50,65,50,40,40,65,310,0.0713,28.8
1630692,Jordan Goodwin,PHX,73,50,65,78,79,100,445,678,meowstic-male,psychic,,74,48,76,83,81,104,466,0.0287,97.1
1641722,Jordan Hawkins,NOP,40,20,40,35,75,50,260,165,ledyba,bug,flying,40,20,30,40,80,55,265,0.0504,63.5
1641757,Jordan Miller,LAC,65,78,65,53,65,45,371,259,marshtomp,water,ground,70,85,70,60,70,50,405,0.0363,89.6
1629673,Jordan Poole,NOP,50,60,47,80,70,30,337,43,oddish,grass,poison,45,50,55,75,65,30,320,0.0471,71.7
1641775,Jordan Walsh,BOS,60,63,97,50,48,36,354,304,aron,steel,rock,50,70,100,40,40,30,330,0.0553,51.2
1630631,Jose Alvarado,NYK,65,55,35,69,95,55,374,670,floette,fairy,,54,45,47,75,98,52,371,0.055,52.0
1630581,Josh Giddey,CHI,77,90,84,130,55,109,545,818,inteleon,water,,70,85,65,125,65,120,530,0.0486,68.3
1630182,Josh Green,CHA,50,50,45,55,150,85,435,122,mr-mime,psychic,fairy,40,45,65,100,120,90,460,0.1317,2.1
1628404,Josh Hart,NYK,90,85,65,95,70,111,516,581,swanna,water,flying,75,87,63,87,63,98,473,0.0459,74.3
1631169,Josh Minott,BKN,45,79,85,47,45,65,366,624,pawniard,dark,steel,45,85,70,40,40,60,340,0.0537,56.2
1629006,Josh Okogie,HOU,65,30,65,50,55,75,340,188,skiploom,grass,flying,55,45,50,45,65,80,340,0.0778,24.1
201950,Jrue Holiday,POR,72,90,70,125,95,66,518,467,magmortar,fire,,75,95,67,125,95,83,540,0.0344,93.1
1630577,Julian Champagnie,SAS,100,82,85,105,60,70,502,911,skeledirge,fire,ghost,104,75,100,110,75,66,530,0.0457,74.6
1631124,Julian Strawther,DEN,45,55,35,40,30,46,251,403,shinx,electric,,45,65,34,40,34,45,263,0.0423,82.0
203944,Julius Randle,MIN,125,120,80,107,50,55,537,981,farigiraf,normal,psychic,120,90,70,110,70,60,520,0.0723,27.8
1630551,Justin Champagnie,WAS,66,75,70,55,80,60,406,634,zweilous,dark,dragon,72,85,70,65,70,58,420,0.0446,77.6
1642348,Justin Edwards,PHI,50,54,35,55,30,40,264,753,fomantis,grass,,40,55,35,50,35,35,250,0.0516,60.3
203994,Jusuf Nurkić,UTA,55,70,120,56,93,50,444,105,marowak,ground,,60,80,110,50,80,45,425,0.0491,66.9
1642880,Kam Jones,IND,36,30,40,55,55,50,266,281,kirlia,psychic,fairy,38,35,35,65,55,50,278,0.0456,75.0
1626157,Karl-Anthony Towns,NYK,104,120,121,83,40,65,533,697,tyrantrum,rock,dragon,82,121,119,69,59,71,521,0.0624,40.7
1631255,Karlo Matković,NOP,50,90,100,31,95,51,417,237,hitmontop,fighting,,50,95,95,35,110,70,455,0.0586,45.4
1642857,Kasparas Jakučionis,MIA,50,30,58,75,40,111,364,657,frogadier,water,,54,63,52,83,56,97,405,0.1059,6.9
202695,Kawhi Leonard,LAC,91,140,45,128,98,64,566,720,hoopa,psychic,ghost,80,110,60,150,130,70,600,0.0906,13.2
1630811,Keaton Wallace,ATL,30,20,30,25,60,60,225,187,hoppip,grass,flying,35,35,40,35,55,50,250,0.101,7.4
1631099,Keegan Murray,SAC,45,80,100,55,85,95,460,927,dachsbun,fairy,,57,80,115,50,80,95,477,0.0437,79.6
1642276,Kel'el Ware,MIA,75,85,119,50,90,81,500,711,gourgeist-average,ghost,grass,65,90,122,58,75,84,494,0.0418,83.1
1629640,Keldon Johnson,SAS,85,95,80,55,70,64,449,338,solrock,rock,psychic,90,95,85,55,65,70,460,0.0232,99.7
1626162,Kelly Oubre Jr.,PHI,74,90,67,73,80,52,436,247,pupitar,rock,ground,70,84,70,65,70,51,410,0.0355,91.4
1629026,Kenrich Williams,OKC,45,53,46,44,25,40,253,504,patrat,normal,,45,55,39,35,39,42,255,0.072,28.3
203484,Kentavious Caldwell-Pope,MEM,55,50,20,63,40,40,268,859,impidimp,dark,fairy,45,45,30,55,40,50,265,0.074,25.9
1631165,Keon Ellis,CLE,70,58,65,55,72,50,370,30,nidorina,poison,,70,62,67,55,55,56,365,0.0505,63.2
201142,Kevin Durant,HOU,150,135,115,110,54,20,584,809,melmetal,steel,,135,143,143,80,65,34,600,0.0808,20.9
1628989,Kevin Huerter,DET,71,89,71,75,88,55,449,460,abomasnow,grass,ice,90,92,75,92,85,60,494,0.0565,48.5
201567,Kevin Love,UTA,35,35,50,85,77,85,367,12,butterfree,bug,flying,60,45,50,90,80,70,395,0.0823,19.2
1629645,Kevin Porter Jr.,MIL,61,100,90,100,99,130,580,785,tapu-koko,electric,fairy,70,115,85,95,75,130,570,0.0531,57.4
1641718,Keyonte George,UTA,80,125,20,125,65,71,486,319,sharpedo,water,dark,70,120,40,95,40,95,460,0.1083,6.3
203114,Khris Middleton,DAL,70,50,80,60,45,65,370,684,swirlix,fairy,,62,48,66,59,57,49,341,0.0725,27.5
202691,Klay Thompson,DAL,70,50,80,80,75,30,385,137,porygon,normal,,65,60,70,85,75,40,395,0.048,70.0
1641738,Kobe Brown,IND,50,55,77,21,25,57,285,27,sandshrew,ground,,50,75,85,20,30,40,300,0.0954,9.8
1642920,Kobe Sanders,LAC,65,55,72,50,65,55,362,629,vullaby,dark,flying,70,55,75,45,65,60,370,0.025,99.2
1642851,Kon Knueppel,CHA,116,115,90,127,67,118,633,646,kyurem,dragon,ice,125,130,90,130,90,95,660,0.0573,47.6
1627739,Kris Dunn,LAC,99,60,55,70,90,65,439,164,noctowl,normal,flying,100,50,50,86,96,70,452,0.0472,71.4
1631200,Kris Murray,POR,65,65,90,45,105,95,465,428,lopunny,normal,,65,76,84,54,96,105,480,0.0433,80.4
204001,Kristaps Porziņģis,GSW,43,96,108,95,75,30,447,871,pincurchin,electric,,48,101,95,91,85,15,435,0.0537,56.2
203937,Kyle Anderson,MIN,45,55,40,32,135,20,327,592,frillish-male,water,ghost,55,40,50,65,85,40,335,0.2007,0.5
1642271,Kyle Filipowski,UTA,80,80,65,70,55,65,415,913,quaxwell,water,,70,85,65,65,60,65,410,0.0321,95.2
1628398,Kyle Kuzma,MIL,80,85,88,60,55,45,413,388,grotle,grass,,75,89,85,55,65,36,405,0.0391,86.2
1642273,Kyshawn George,WAS,67,77,85,90,56,124,499,663,talonflame,fire,flying,78,81,71,74,69,126,499,0.0553,51.2
1630163,LaMelo Ball,CHA,90,100,62,150,46,83,531,796,xurkitree,electric,,83,89,71,173,71,83,570,0.0681,32.4
1629013,Landry Shamet,NYK,60,70,63,65,40,62,360,520,tranquill,normal,flying,62,77,62,50,42,65,358,0.0476,70.6
1628374,Lauri Markkanen,UTA,70,135,80,99,129,60,573,136,flareon,fire,,65,130,60,95,110,65,525,0.0532,57.1
2544,LeBron James,LAL,90,125,77,100,89,20,501,224,octillery,water,,75,105,75,105,75,45,480,0.0783,23.8
1631159,Leonard Miller,CHI,40,98,64,70,55,85,412,877,morpeko-full-belly,electric,dark,58,95,58,70,58,97,436,0.0539,55.6
1628366,Lonzo Ball,CLE,40,38,88,57,97,85,405,764,comfey,fairy,,51,52,90,82,110,100,485,0.0823,19.2
1629652,Luguentz Dort,OKC,80,45,80,65,50,33,353,102,exeggcute,grass,psychic,60,40,80,60,45,40,325,0.0675,33.1
1629029,Luka Dončić,LAL,100,150,70,150,115,90,675,384,rayquaza,dragon,flying,105,150,90,150,90,95,680,0.0484,69.0
1630568,Luka Garza,BOS,57,80,63,55,37,101,393,886,drakloak,dragon,ghost,68,80,50,60,50,102,410,0.0549,52.6
1628379,Luke Kennard,LAL,75,65,45,65,42,35,327,294,loudred,normal,,84,71,43,71,43,48,360,0.0526,58.5
1628436,Luke Kornet,SAS,70,75,115,40,63,50,413,375,metang,steel,psychic,60,75,100,55,80,50,420,0.0695,29.9
1628370,Malik Monk,SAC,65,68,51,90,50,35,359,605,elgyem,psychic,,55,55,55,85,55,30,335,0.0547,53.4
203935,Marcus Smart,LAL,80,52,55,90,120,120,517,615,cryogonal,ice,,80,50,50,95,135,105,515,0.0435,80.0
1631109,Mark Williams,PHX,69,100,90,30,82,60,431,508,stoutland,normal,,85,110,90,45,90,80,500,0.0694,30.2
1628963,Marvin Bagley III,DAL,60,90,100,50,60,110,470,545,scolipede,bug,poison,60,100,89,55,69,112,485,0.0381,87.0
1641824,Matas Buzelis,CHI,100,110,115,74,50,90,539,892,urshifu-single-strike,fighting,dark,100,130,100,63,60,97,550,0.0549,52.6
1631108,Max Christie,DAL,100,75,56,80,55,45,411,206,dunsparce,normal,,100,70,70,65,65,45,415,0.0566,48.1
1642875,Maxime Raynaud,SAC,86,95,85,49,48,63,426,221,piloswine,ice,ground,100,100,80,60,60,50,450,0.0595,43.7
1642877,Micah Peavy,NOP,50,22,75,45,80,60,332,343,baltoy,ground,psychic,40,40,55,40,70,55,300,0.0988,8.2
1630695,Micah Potter,IND,50,90,57,58,65,44,364,83,farfetchd,normal,flying,52,90,55,58,62,60,377,0.0446,77.6
1629008,Michael Porter Jr.,BKN,75,130,65,130,48,60,508,71,victreebel,grass,poison,80,105,65,100,70,70,490,0.0926,12.2
1628969,Mikal Bridges,NYK,150,100,66,105,87,90,598,673,gogoat,grass,,123,100,62,97,81,68,531,0.0646,37.0
201144,Mike Conley,MIN,52,20,50,65,45,60,292,433,chingling,psychic,,45,30,50,65,50,45,285,0.0692,30.4
1628970,Miles Bridges,CHA,109,110,85,95,50,50,499,982,dudunsparce-two-segment,normal,,125,100,80,85,75,55,520,0.066,34.9
1630540,Miles McBride,NYK,55,60,53,110,81,80,439,284,masquerain,bug,flying,70,60,62,100,82,80,454,0.0452,76.2
1629011,Mitchell Robinson,NYK,60,90,106,40,90,80,466,972,houndstone,ghost,,72,101,100,50,97,68,488,0.0511,61.6
1642885,Mohamed Diawara,NYK,39,30,40,35,63,30,237,868,milcery,fairy,,45,40,40,50,61,34,270,0.077,24.6
1630541,Moses Moody,GSW,71,75,75,80,80,95,476,457,lumineon,water,,69,69,76,69,86,91,460,0.0313,95.9
1631243,Mouhamed Gueye,ATL,60,50,80,45,90,79,404,269,dustox,bug,poison,60,50,70,50,90,65,385,0.0454,75.5
1630619,Moussa Cisse,DAL,28,50,100,35,120,72,405,344,claydol,ground,psychic,60,70,105,70,120,75,500,0.1145,4.2
1631217,Moussa Diabaté,CHA,85,75,100,65,61,102,488,452,drapion,poison,dark,70,90,110,60,75,95,500,0.058,46.4
1626167,Myles Turner,MIL,85,70,105,63,53,40,416,723,dartrix,grass,flying,78,75,75,70,70,52,420,0.0913,12.7
1641772,Nae'Qwan Tomlin,CLE,52,64,90,35,58,81,380,451,skorupi,poison,bug,40,50,90,30,55,65,330,0.0707,29.4
1630230,Naji Marshall,DAL,95,110,60,70,86,45,466,709,trevenant,ghost,grass,85,110,76,65,82,56,474,0.0484,69.0
1629675,Naz Reid,MIN,90,89,100,70,73,80,502,882,dracovish,water,dragon,90,90,100,70,80,75,505,0.0172,100.0
1629674,Neemias Queta,BOS,85,98,132,48,85,48,496,934,garganacl,rock,,100,100,130,45,90,35,500,0.0419,82.8
1629651,Nic Claxton,BKN,85,85,110,60,50,43,433,28,sandslash,ground,,75,100,110,45,55,65,450,0.0737,26.2
1630208,Nick Richards,CHI,40,50,55,37,35,40,257,29,nidoran-f,poison,,55,47,52,40,40,41,275,0.0627,40.2
1629638,Nickeil Alexander-Walker,ATL,122,120,50,130,50,130,602,887,dragapult,dragon,ghost,88,120,75,100,75,142,600,0.0977,8.5
201587,Nicolas Batum,LAC,63,131,65,53,37,34,383,210,granbull,fairy,,90,120,75,60,60,45,450,0.0975,8.7
203999,Nikola Jokić,DEN,100,147,130,150,60,45,632,721,volcanion,fire,water,80,110,120,130,90,70,600,0.1,7.9
1631107,Nikola Jović,MIA,45,40,70,40,105,55,355,458,mantyke,water,flying,45,20,50,60,120,50,345,0.1088,5.8
202696,Nikola Vučević,BOS,80,95,90,60,51,30,406,195,quagsire,water,ground,95,85,85,65,65,35,430,0.0584,45.8
1642363,Nique Clifford,SAC,83,50,57,68,70,100,428,702,dedenne,electric,fairy,67,58,57,81,67,101,431,0.052,59.5
1641730,Noah Clowney,BKN,80,65,55,85,40,60,385,70,weepinbell,grass,poison,65,90,50,85,45,55,390,0.0785,23.3
1642869,Noah Penda,ORL,42,35,58,40,45,70,290,546,cottonee,grass,fairy,40,27,60,37,50,66,280,0.0388,86.5
1642849,Nolan Traore,BKN,60,40,43,70,35,85,333,757,salandit,poison,fire,48,44,40,71,40,77,320,0.0493,66.7
1626181,Norman Powell,MIA,75,125,40,90,40,60,430,566,archen,rock,flying,55,112,45,74,45,70,401,0.0752,25.4
1628384,OG Anunoby,NYK,97,115,70,98,105,90,575,59,arcanine,fire,,90,110,80,100,80,95,555,0.0509,62.3
1630534,Ochai Agbaji,BKN,50,63,55,35,69,50,322,133,eevee,normal,,55,55,50,45,65,55,325,0.0494,66.3
1641765,Olivier-Maxence Prosper,MEM,51,94,55,53,40,105,398,77,ponyta,fire,,50,85,55,65,65,90,410,0.0812,20.2
1630168,Onyeka Okongwu,ATL,100,101,95,81,85,106,568,773,silvally,normal,,95,95,95,95,95,95,570,0.0384,86.8
1642345,Oso Ighodaro,PHX,80,73,95,55,95,43,441,918,spidops,bug,,60,79,92,52,86,35,404,0.0579,46.8
1631172,Ousmane Dieng,MIL,55,45,50,55,55,23,283,363,spheal,ice,water,70,40,50,55,50,25,290,0.0583,46.0
1629023,P.J. Washington,DAL,78,80,115,50,67,75,465,207,gligar,ground,flying,65,75,105,35,65,85,430,0.0558,49.3
1631094,Paolo Banchero,ORL,111,120,95,85,50,45,506,450,hippowdon,ground,,108,112,118,68,72,47,525,0.072,28.3
1627783,Pascal Siakam,IND,90,125,75,100,73,85,548,257,blaziken,fire,fighting,80,120,70,110,70,80,530,0.0313,95.9
1630311,Pat Spencer,GSW,60,40,40,65,60,70,335,170,chinchou,water,electric,75,38,38,56,56,67,330,0.0554,50.1
1630172,Patrick Williams,CHI,70,35,45,35,65,48,298,86,seel,water,,65,45,55,45,70,45,325,0.0608,41.8
202331,Paul George,PHI,58,90,79,110,89,95,521,6,charizard,fire,flying,78,84,78,109,85,100,534,0.0415,83.9
1630194,Paul Reed,DET,50,80,95,30,140,85,480,107,hitmonchan,fighting,,50,105,79,35,110,76,455,0.0929,11.8
1630202,Payton Pritchard,BOS,120,105,50,135,49,70,529,474,porygon-z,normal,,85,80,70,135,75,90,535,0.1084,6.1
1641796,Pelle Larsson,MIA,80,83,60,74,60,115,472,432,purugly,normal,,71,82,64,64,59,112,452,0.0312,96.3
1631250,Pete Nance,MIL,41,65,55,59,41,28,289,808,meltan,steel,,46,65,65,55,35,34,300,0.0496,65.7
1631212,Peyton Watson,DEN,74,85,85,80,70,99,493,18,pidgeot,normal,flying,83,80,75,70,70,101,479,0.0362,89.9
1630173,Precious Achiuwa,SAC,78,73,95,55,90,69,460,832,dubwool,normal,,72,80,100,60,90,88,490,0.0469,72.0
1629656,Quentin Grimes,PHI,95,85,60,74,120,55,489,97,hypno,psychic,,85,73,70,73,115,67,483,0.0466,73.0
1631245,Quenton Jackson,IND,50,60,60,61,85,95,411,200,misdreavus,ghost,,60,60,60,85,85,85,435,0.0659,35.2
1642366,Quinten Post,GSW,60,70,90,60,95,55,430,774,minior-red-meteor,rock,flying,60,60,100,60,100,60,440,0.0363,89.6
1629628,RJ Barrett,TOR,76,120,70,103,55,85,509,448,lucario,fighting,steel,70,110,70,115,70,90,525,0.0445,78.2
1642853,Rasheer Fleming,PHX,40,45,95,45,100,35,360,410,shieldon,rock,steel,30,42,118,42,88,30,350,0.0805,21.2
1641712,Rayan Rupert,MEM,55,25,50,20,80,95,325,568,trubbish,poison,,50,50,62,40,62,65,329,0.1504,0.8
1642263,Reed Sheppard,HOU,95,72,60,105,86,55,473,36,clefable,fairy,,95,70,73,95,90,60,483,0.0371,88.4
1642265,Rob Dillingham,CHI,50,31,40,55,85,80,341,325,spoink,psychic,,60,25,35,70,80,60,330,0.0849,17.2
1629057,Robert Williams III,POR,55,95,140,35,105,30,460,867,runerigus,ground,ghost,58,95,145,50,105,30,483,0.0341,93.4
1641842,Ronald Holland II,DET,72,60,75,25,80,75,387,822,corvisquire,flying,,68,67,55,43,55,77,365,0.1001,7.7
1626220,Royce O'Neale,PHX,97,65,63,95,60,45,425,364,sealeo,ice,water,90,60,70,75,70,45,410,0.0598,43.0
203497,Rudy Gobert,MIN,108,107,150,30,85,60,540,369,relicanth,water,rock,100,90,130,45,65,55,485,0.0731,26.9
1629060,Rui Hachimura,LAL,85,80,45,65,61,31,367,88,grimer,poison,,80,80,50,40,50,25,325,0.0834,18.4
201566,Russell Westbrook,SAC,80,82,48,105,72,51,438,631,heatmor,fire,,85,97,66,105,66,65,484,0.0616,41.5
1642346,Ryan Dunn,PHX,65,50,86,45,80,58,384,1024,terapagos,normal,,90,65,85,65,85,60,450,0.0858,15.9
1641750,Ryan Kalkbrenner,CHA,70,115,124,20,70,84,483,689,barbaracle,rock,water,72,105,115,54,86,68,500,0.0876,15.1
1642948,Ryan Nembhard,DAL,60,37,61,97,65,70,390,608,lampent,ghost,fire,60,40,60,95,60,55,370,0.0428,81.5
1631157,Ryan Rollins,MIL,107,100,79,125,96,104,611,635,hydreigon,dark,dragon,92,105,90,125,90,98,600,0.0348,92.3
1630180,Saddiq Bey,NOP,100,100,50,95,80,56,481,295,exploud,normal,,104,91,63,91,73,68,490,0.0449,76.5
1630573,Sam Hauser,BOS,85,72,70,100,50,70,447,203,girafarig,normal,psychic,70,80,65,90,65,85,455,0.0652,36.0
1630241,Sam Merrill,CLE,65,100,40,115,70,87,477,229,houndoom,dark,fire,75,90,50,110,80,95,500,0.0453,75.9
1630572,Sandro Mamukelashvili,TOR,78,100,78,80,66,68,470,976,veluza,water,psychic,90,102,73,78,65,70,478,0.0285,97.5
1630583,Santi Aldama,MEM,60,95,90,91,70,92,498,34,nidoking,poison,ground,81,102,77,85,75,85,505,0.0553,51.2
1630703,Scoot Henderson,POR,41,75,70,80,39,42,347,201,unown,psychic,,48,72,48,72,48,48,336,0.0787,22.6
1630567,Scottie Barnes,TOR,140,112,110,100,90,90,642,791,solgaleo,psychic,steel,137,137,107,113,89,97,680,0.0444,78.7
1631101,Shaedon Sharpe,POR,70,115,35,65,80,75,440,15,beedrill,bug,poison,65,90,40,45,80,75,395,0.0785,23.3
1628983,Shai Gilgeous-Alexander,OKC,100,150,100,135,110,70,665,644,zekrom,dragon,electric,100,150,120,120,100,90,680,0.0499,65.1
1630536,Sharife Cooper,WAS,40,69,30,60,40,97,336,239,elekid,electric,,45,63,37,65,55,95,360,0.0548,53.2
1631321,Sidy Cissoko,POR,70,45,60,45,50,77,347,17,pidgeotto,normal,flying,63,60,55,50,50,71,349,0.0545,54.1
1631323,Simone Fontecchio,MIA,60,55,75,65,70,90,415,496,servine,grass,,60,60,75,60,75,83,413,0.0269,98.4
1642883,Sion James,CHA,80,29,80,50,60,40,339,108,lickitung,normal,,90,55,75,60,75,30,385,0.0967,9.3
1642461,Spencer Jones,DEN,70,75,63,40,80,85,413,313,volbeat,bug,,65,73,75,47,85,85,430,0.0373,88.1
201939,Stephen Curry,GSW,65,139,73,145,52,120,594,482,azelf,psychic,,75,125,70,125,70,115,580,0.0553,51.2
1642264,Stephon Castle,SAS,90,100,78,100,64,70,502,503,samurott,water,,95,100,85,108,70,70,528,0.0256,98.9
203500,Steven Adams,HOU,40,45,90,40,115,60,390,752,araquanid,water,bug,68,70,92,50,132,42,454,0.1093,5.3
1629004,Svi Mykhailiuk,UTA,60,81,38,95,50,85,409,198,murkrow,dark,flying,60,85,42,85,42,91,405,0.0374,87.8
204456,T.J. McConnell,IND,50,70,50,81,44,125,420,277,swellow,normal,flying,60,85,60,75,50,125,455,0.051,61.9
1631106,Tari Eason,HOU,71,52,70,60,70,76,399,308,medicham,fighting,psychic,60,60,75,60,75,80,410,0.0392,86.0
1627752,Taurean Prince,MIL,35,60,45,90,30,20,280,218,slugma,fire,,40,40,40,70,40,20,250,0.1163,3.7
1641707,Taylor Hendricks,MEM,57,65,70,30,35,40,297,287,slakoth,normal,,60,60,60,35,35,30,280,0.0558,49.3
1629611,Terance Mann,BKN,70,55,55,80,65,57,382,180,flaaffy,electric,,70,55,55,80,60,45,365,0.0348,92.3
1630545,Terrence Shannon Jr,MIN,30,41,45,40,45,35,236,837,rolycoly,rock,,30,40,50,40,50,30,240,0.0366,88.8
1628418,Thomas Bryant,CLE,41,75,90,40,21,30,297,679,honedge,steel,ghost,45,80,100,35,37,28,325,0.0664,34.4
1642275,Tidjane Salaün,CHA,35,58,95,40,25,65,318,90,shellder,water,,30,65,100,45,25,40,305,0.0879,14.4
203501,Tim Hardaway Jr.,DEN,95,90,30,95,60,25,395,192,sunflora,grass,,75,75,55,105,85,30,425,0.1091,5.6
202699,Tobias Harris,DET,78,76,90,85,80,59,468,685,slurpuff,fairy,,82,80,86,85,75,72,480,0.0328,94.4
1641739,Toumani Camara,POR,150,87,60,110,75,144,626,890,eternatus,poison,dragon,140,85,95,145,95,130,690,0.0853,16.5
1642848,Tre Johnson,WAS,70,65,50,70,71,36,362,698,amaura,rock,ice,77,59,50,67,63,46,362,0.0444,78.7
1630200,Tre Jones,CHI,78,105,40,90,100,105,518,845,cramorant,flying,water,70,85,55,85,95,85,475,0.068,32.8
1630544,Tre Mann,CHA,40,25,34,25,20,43,187,10,caterpie,bug,,45,30,35,20,20,45,195,0.0468,72.5
1630570,Trendon Watford,PHI,45,60,50,30,35,39,259,519,pidove,normal,flying,50,55,50,36,30,43,264,0.0431,80.8
1630530,Trey Murphy III,NOP,105,127,62,120,80,60,554,500,emboar,fire,fighting,110,123,65,100,65,65,528,0.0489,67.7
1641774,Tristan Vukcevic,WAS,40,70,68,35,50,34,297,965,varoom,steel,poison,45,70,63,30,45,47,300,0.0549,52.6
1641783,Tristan da Silva,ORL,85,60,60,67,80,65,417,351,castform,normal,,70,70,70,70,70,70,420,0.0565,48.5
1629639,Tyler Herro,MIA,55,121,72,100,45,68,461,342,crawdaunt,water,dark,63,120,85,90,55,55,468,0.0529,57.7
1642278,Tyler Kolek,NYK,40,27,65,45,65,80,322,456,finneon,water,,49,49,56,49,61,66,330,0.0907,13.0
1631213,Tyrese Martin,PHI,44,45,70,50,45,93,347,100,voltorb,electric,,40,30,50,55,55,100,330,0.0843,17.7
1630178,Tyrese Maxey,PHI,137,135,60,137,110,97,676,792,lunala,psychic,ghost,137,113,89,137,107,97,680,0.0539,55.6
1642878,Tyrese Proctor,CLE,30,47,70,40,50,55,292,688,binacle,rock,water,42,52,67,39,56,50,306,0.0518,60.1
1626145,Tyus Jones,DEN,50,20,20,40,75,25,230,173,cleffa,fairy,,50,25,28,45,55,15,218,0.1106,5.0
1642845,VJ Edgecombe,PHI,126,85,70,109,95,115,600,243,raikou,electric,,90,85,75,115,100,115,580,0.063,38.9
1641705,Victor Wembanyama,SAS,80,134,150,95,139,70,668,784,kommo-o,dragon,fighting,75,110,125,100,105,85,600,0.0809,20.6
1631246,Vince Williams Jr.,UTA,45,30,75,65,91,83,389,314,illumise,bug,,65,47,75,73,85,85,430,0.0688,31.3
1630249,Vít Krejčí,POR,67,78,65,65,43,58,376,404,luxio,electric,,60,85,49,60,49,60,363,0.0554,50.1
1642383,Walter Clayton Jr.,MEM,68,45,40,70,60,60,343,271,lombre,water,grass,60,50,50,60,70,50,340,0.0648,36.8
1628976,Wendell Carter Jr.,ORL,100,95,95,60,90,80,520,62,poliwrath,water,fighting,90,95,95,70,90,70,510,0.0336,93.9
1642954,Will Richard,GSW,65,80,50,50,75,42,362,168,ariados,bug,poison,70,90,70,60,70,40,400,0.0671,34.0
1642860,Will Riley,WAS,75,62,49,55,60,50,351,672,skiddo,grass,,66,65,48,62,57,52,350,0.0353,91.8
1642274,Yves Missi,NOP,63,50,130,44,62,60,409,227,skarmory,steel,flying,65,80,140,40,70,70,465,0.0787,22.6
1642258,Zaccharie Risacher,ATL,70,65,58,55,70,85,403,301,delcatty,normal,,70,65,65,55,55,90,400,0.0431,80.8
203897,Zach LaVine,SAC,60,115,24,83,40,35,357,359,absol,dark,,65,130,60,75,60,75,465,0.1462,1.1
1630192,Zeke Nnaji,DEN,38,50,100,20,65,30,303,933,naclstack,rock,,60,60,100,35,65,35,355,0.0878,14.8
1630533,Ziaire Williams,BKN,62,73,45,45,105,61,391,705,sliggoo,dragon,,68,75,53,83,113,60,452,0.0953,10.1
1629627,Zion Williamson,NOP,80,130,80,50,90,85,515,214,heracross,bug,fighting,80,125,75,40,95,85,500,0.0261,98.7
