PLAYER_ID,name,team,hp,attack,defense,sp_attack,sp_defense,speed,base_stat_total,norm_height,norm_weight,norm_ppg,norm_ts_pct,norm_on_ball_def_fg_pct,norm_blk,norm_reb,norm_ast_minus_tov,norm_net_off_rating,norm_stl,norm_net_def_rating,norm_charges_per_min,norm_loose_balls_per_min,norm_box_outs_per_min,norm_stl_per_min
1631260,AJ Green,MIL,100,60,48,110,45,89,452,0.2941,0.2,0.2524,0.5735,0.4804,0.0323,0.1429,0.2278,0.739,0.1905,0.291,0.1042,0.4053,0.107,0.1003
203932,Aaron Gordon,DEN,53,105,62,97,135,28,480,0.5294,0.56,0.4401,0.5529,0.7353,0.0968,0.4034,0.3165,0.7288,0.2381,0.379,0.0,0.3745,0.0932,0.1569
1628988,Aaron Holiday,HOU,44,25,35,51,150,20,325,0.0588,0.16,0.0939,0.4294,0.7843,0.0323,0.0,0.1646,0.4542,0.1905,0.4279,0.2212,0.3617,0.0648,0.3532
1630174,Aaron Nesmith,IND,65,68,85,94,70,114,496,0.3529,0.4,0.3625,0.3588,0.6569,0.1613,0.2689,0.1772,0.6508,0.2381,0.2127,0.2296,0.5189,0.0487,0.1398
1630598,Aaron Wiggins,OKC,68,61,65,50,30,101,375,0.3529,0.2,0.2201,0.3118,0.5539,0.129,0.1765,0.1772,0.3424,0.381,0.2298,0.0695,0.6599,0.0811,0.4159
1642846,Ace Bailey,UTA,89,80,67,60,45,55,396,0.5882,0.28,0.3625,0.2971,0.5196,0.2258,0.2689,0.1519,0.4305,0.3333,0.2347,0.0,0.5213,0.0916,0.2548
1641737,Adem Bona,PHI,60,60,100,35,40,65,360,0.6471,0.56,0.0712,0.6059,0.5147,0.3871,0.2773,0.0759,0.5458,0.1429,0.2885,0.0,0.6131,0.3909,0.1763
1642349,Ajay Mitchell,OKC,70,80,90,85,75,110,510,0.2941,0.2,0.356,0.45,0.848,0.0968,0.1933,0.3924,0.6373,0.5238,0.3839,0.0587,0.648,0.0813,0.4844
201143,Al Horford,GSW,50,65,95,81,120,35,446,0.5294,0.6,0.1845,0.3588,0.6716,0.3548,0.3277,0.3291,0.5424,0.2857,0.2641,0.0,0.4741,0.2824,0.3016
1627936,Alex Caruso,OKC,55,70,45,60,85,75,390,0.3529,0.168,0.1165,0.3176,0.6373,0.0968,0.1513,0.2532,0.5661,0.5714,0.4817,0.1665,0.692,0.1452,0.8106
1642259,Alex Sarr,WAS,64,95,135,58,53,73,478,0.7647,0.32,0.4434,0.3294,0.4363,0.6452,0.5378,0.2405,0.5017,0.3333,0.2763,0.0,0.4266,0.351,0.2604
1630578,Alperen Sengun,HOU,110,120,105,85,40,95,555,0.7059,0.624,0.5761,0.4029,0.3824,0.3548,0.6639,0.4937,0.6712,0.5238,0.0611,0.182,0.5671,0.3683,0.3472
1641708,Amen Thompson,HOU,150,117,95,90,110,100,662,0.4706,0.28,0.5081,0.4765,0.6912,0.1935,0.5714,0.481,0.7695,0.6667,0.2298,0.0203,0.5897,0.0845,0.4005
203083,Andre Drummond,PHI,60,49,70,36,75,30,320,0.7059,0.912,0.123,0.3147,0.4412,0.2581,0.6218,0.1519,0.3966,0.2381,0.2665,0.0,0.2975,0.5603,0.2782
1629614,Andrew Nembhard,IND,80,85,40,125,56,70,456,0.2941,0.208,0.4628,0.3882,0.3333,0.0323,0.1513,0.7848,0.5695,0.381,0.1516,0.0484,0.4361,0.0504,0.2518
203952,Andrew Wiggins,MIA,90,85,60,77,65,74,451,0.4118,0.256,0.4142,0.4529,0.6078,0.3226,0.3193,0.2658,0.4847,0.4762,0.2029,0.0,0.4799,0.1719,0.3507
1629014,Anfernee Simons,CHI,65,80,50,95,60,35,385,0.2353,0.28,0.3786,0.4235,0.5637,0.0323,0.1261,0.2658,0.5356,0.1905,0.2078,0.0,0.2226,0.0089,0.1382
1641710,Anthony Black,ORL,85,84,60,80,70,67,446,0.4706,0.28,0.4013,0.3441,0.4559,0.2258,0.2353,0.3165,0.5525,0.619,0.2421,0.1271,0.3758,0.0712,0.4905
203076,Anthony Davis,WAS,38,120,150,50,50,25,433,0.6471,0.704,0.5761,0.35,0.6029,0.5484,0.8487,0.2025,0.5593,0.4762,0.1956,0.2421,0.1315,0.3733,0.3355
1630162,Anthony Edwards,MIN,95,140,70,120,75,45,545,0.2941,0.48,0.8479,0.5441,0.5882,0.2581,0.3361,0.2152,0.7458,0.619,0.132,0.0,0.4651,0.0481,0.3991
1630264,Anthony Gill,WAS,50,90,60,40,45,40,325,0.4706,0.52,0.1036,0.7353,0.3922,0.129,0.1597,0.1899,0.4508,0.2381,0.2469,0.0876,0.3089,0.4238,0.3294
1641709,Ausar Thompson,DET,84,65,105,65,115,112,546,0.4706,0.32,0.2362,0.3324,0.7255,0.2903,0.395,0.3165,0.7559,0.9048,0.2714,0.0874,0.8584,0.0718,0.8826
1630559,Austin Reaves,LAL,79,131,50,109,100,138,607,0.3529,0.256,0.6699,0.6147,0.4559,0.129,0.3109,0.4304,0.6271,0.4762,0.3692,0.6369,0.5864,0.0402,0.2928
1630245,Ayo Dosunmu,MIN,82,100,78,85,110,91,546,0.2941,0.288,0.3948,0.5824,0.7451,0.0968,0.2017,0.3924,0.4847,0.3333,0.3032,0.1665,0.5379,0.0568,0.259
1628389,Bam Adebayo,MIA,106,111,103,100,90,90,600,0.5882,0.72,0.5663,0.35,0.6225,0.2258,0.7563,0.3165,0.7593,0.5238,0.3472,0.0702,0.4024,0.4976,0.3603
1631248,Baylor Scheierman,BOS,70,65,90,55,50,50,380,0.4118,0.32,0.0939,0.5412,0.6569,0.0323,0.2101,0.2278,0.4203,0.1905,0.3276,0.2852,0.48,0.1134,0.2273
1642879,Ben Saraf,BKN,50,45,40,40,45,65,285,0.4118,0.28,0.1586,0.1588,0.2941,0.0645,0.0924,0.2405,0.3661,0.381,0.3154,0.0729,0.5591,0.0747,0.4419
1641767,Ben Sheppard,IND,67,55,50,60,52,85,369,0.4118,0.2,0.1456,0.3794,0.5,0.0323,0.1681,0.2658,0.4712,0.2381,0.2812,0.0,0.4503,0.0794,0.2424
1631097,Bennedict Mathurin,LAC,75,93,85,55,50,45,403,0.3529,0.36,0.4854,0.4206,0.3922,0.0645,0.3697,0.1392,0.4712,0.3333,0.3081,0.0505,0.2795,0.1185,0.2245
1641731,Bilal Coulibaly,WAS,70,61,80,62,80,52,405,0.4706,0.24,0.2945,0.2912,0.5,0.3226,0.2773,0.2658,0.5254,0.5714,0.2396,0.1157,0.2627,0.0482,0.525
1626171,Bobby Portis Jr.,MIL,75,80,50,70,60,50,385,0.5882,0.68,0.3592,0.4559,0.3284,0.0645,0.4538,0.1899,0.4983,0.2381,0.22,0.0313,0.4159,0.393,0.2
1630538,Bones Hyland,MIN,60,70,45,75,60,45,355,0.1765,0.032,0.1909,0.4912,0.4755,0.0645,0.0672,0.3165,0.5017,0.2381,0.3692,0.0913,0.4929,0.0377,0.3486
1641764,Brandin Podziemski,GSW,105,80,65,80,86,130,546,0.2941,0.32,0.3625,0.4441,0.5,0.0645,0.3445,0.3797,0.4169,0.4762,0.3888,0.747,0.3275,0.0886,0.3825
1627742,Brandon Ingram,TOR,124,118,101,86,56,30,515,0.5294,0.2,0.6117,0.4147,0.6078,0.2258,0.3866,0.2785,0.6203,0.3333,0.0905,0.0,0.2925,0.0614,0.1852
1641706,Brandon Miller,CHA,88,110,100,110,80,60,548,0.4706,0.28,0.5696,0.4176,0.652,0.2258,0.3277,0.2152,0.722,0.4286,0.313,0.075,0.4336,0.0425,0.3075
1630314,Brandon Williams,DAL,70,85,55,70,60,100,440,0.1176,0.2,0.3366,0.4118,0.451,0.0968,0.1597,0.3671,0.6644,0.381,0.22,0.1024,0.6345,0.0659,0.4062
1641729,Brice Sensabaugh,UTA,80,100,32,70,60,70,412,0.4118,0.56,0.3981,0.4647,0.4118,0.0645,0.1765,0.1392,0.5254,0.2857,0.2176,0.4191,0.37,0.1097,0.2653
201572,Brook Lopez,LAC,75,60,112,60,85,20,412,0.8235,0.936,0.1909,0.3529,0.7255,0.3871,0.2185,0.1772,0.4746,0.2381,0.3301,0.0,0.1967,0.4583,0.2357
1628971,Bruce Brown,DEN,90,52,40,30,90,20,322,0.2941,0.296,0.1715,0.3824,0.6225,0.0645,0.2437,0.2405,0.1525,0.4286,0.2543,0.0,0.2281,0.0866,0.412
1631121,Bryce McGowens,NOP,48,60,30,65,75,110,388,0.4118,0.2,0.178,0.5235,0.4216,0.0645,0.0924,0.2532,0.661,0.2381,0.2078,0.7216,0.2594,0.1242,0.2494
1642267,Bub Carrington,WAS,100,50,45,90,45,65,395,0.2941,0.2,0.2621,0.3647,0.3725,0.0645,0.2017,0.4051,0.4542,0.2381,0.1247,0.0,0.4383,0.0966,0.1589
1627741,Buddy Hield,ATL,45,65,70,65,30,106,381,0.2941,0.44,0.1618,0.4,0.4657,0.0645,0.1092,0.1772,0.5661,0.3333,0.0,0.0,0.7884,0.0299,0.526
203468,CJ McCollum,ATL,100,105,55,105,100,90,555,0.2353,0.2,0.521,0.3941,0.598,0.1613,0.1933,0.3797,0.5932,0.3333,0.5257,0.0,0.4699,0.0383,0.2268
1630595,Cade Cunningham,DET,95,125,100,145,100,105,670,0.4118,0.44,0.6893,0.3882,0.7304,0.2581,0.3782,0.8987,0.861,0.619,0.198,0.0,0.6803,0.0878,0.4161
1631126,Caleb Love,POR,55,60,20,61,82,30,308,0.2353,0.376,0.2524,0.1912,0.4755,0.0323,0.1092,0.2658,0.3593,0.2381,0.2078,0.0,0.2368,0.0314,0.2548
1628997,Caleb Martin,DAL,45,40,70,30,95,85,365,0.3529,0.32,0.0421,0.2765,0.5931,0.0968,0.1261,0.2025,0.2644,0.2857,0.3447,0.4096,0.5018,0.1151,0.4946
1642285,Cam Spencer,MEM,75,70,44,120,55,75,439,0.2353,0.32,0.2751,0.6382,0.348,0.0645,0.1261,0.6582,0.6373,0.2857,0.3105,0.0955,0.459,0.0828,0.2604
1630560,Cam Thomas,MIL,48,70,25,79,25,29,276,0.2353,0.36,0.3528,0.2882,0.1324,0.0323,0.0588,0.2152,0.7085,0.0476,0.0318,0.1082,0.1259,0.0236,0.0
1629661,Cameron Johnson,DEN,75,76,54,105,45,82,437,0.5294,0.36,0.3107,0.5794,0.549,0.129,0.2353,0.3038,0.7797,0.2857,0.2885,0.2236,0.4121,0.1163,0.1758
1627747,Caris LeVert,DET,60,48,75,38,65,50,336,0.4706,0.32,0.1553,0.2529,0.652,0.2258,0.084,0.2785,0.1695,0.381,0.2689,0.0,0.6096,0.0899,0.4891
1642868,Carter Bryant,SAS,45,45,93,25,42,45,295,0.4118,0.44,0.0518,0.2765,0.7304,0.0968,0.1261,0.1392,0.1797,0.0476,0.3081,0.1318,0.5132,0.1583,0.103
1641717,Cason Wallace,OKC,90,55,75,71,130,70,491,0.2353,0.24,0.1942,0.3118,0.7451,0.129,0.1765,0.3291,0.5424,0.8571,0.3423,0.0,0.49,0.1097,0.8106
1642907,Cedric Coward,MEM,75,85,95,88,75,125,543,0.3529,0.328,0.356,0.45,0.6373,0.129,0.4118,0.2532,0.7119,0.2381,0.4108,0.0881,0.9198,0.09,0.1798
1631096,Chet Holmgren,OKC,90,124,150,65,90,60,579,0.8235,0.344,0.4693,0.65,0.848,0.6129,0.6639,0.1266,0.6915,0.2381,0.4059,0.0262,0.3502,0.3218,0.1472
1631128,Christian Braun,DEN,68,105,50,85,100,45,453,0.4118,0.44,0.3042,0.5147,0.5147,0.0968,0.3193,0.3291,0.7322,0.2857,0.3203,0.0,0.2962,0.0897,0.1635
203991,Clint Capela,HOU,50,40,131,30,131,35,417,0.6471,0.728,0.0388,0.3176,0.9069,0.2581,0.3025,0.1392,0.4,0.1905,0.4597,0.0616,0.8188,0.5826,0.4076
1629632,Coby White,CHA,61,105,75,100,50,95,486,0.2941,0.36,0.479,0.4794,0.6029,0.0323,0.2017,0.2911,0.6949,0.1905,0.2616,0.4546,0.4459,0.1144,0.1372
1642262,Cody Williams,UTA,75,69,60,46,35,77,362,0.5294,0.2,0.2006,0.2706,0.3627,0.129,0.1681,0.2278,0.4746,0.3333,0.2054,0.0,0.4601,0.0312,0.3064
1630175,Cole Anthony,MIL,25,45,45,35,40,80,270,0.1765,0.16,0.1327,0.15,0.3824,0.0968,0.1261,0.3165,0.1627,0.2381,0.357,0.1515,0.7189,0.033,0.3991
1631221,Collin Gillespie,PHX,100,62,50,125,101,150,588,0.1176,0.24,0.3269,0.4206,0.4608,0.0645,0.2605,0.4937,0.661,0.5238,0.3276,0.3988,0.8183,0.0671,0.4267
1642867,Collin Murray-Boyles,TOR,61,80,80,40,80,75,416,0.4706,0.64,0.1909,0.5559,0.6422,0.2903,0.3361,0.2278,0.4441,0.381,0.3301,0.0692,0.4645,0.315,0.4134
1629012,Collin Sexton,CHI,75,95,65,75,90,60,460,0.2353,0.2,0.4142,0.5382,0.7304,0.0323,0.1092,0.2658,0.5627,0.4762,0.3521,0.032,0.4611,0.0545,0.4831
1642843,Cooper Flagg,DAL,105,115,105,80,75,100,580,0.5882,0.32,0.5955,0.3412,0.598,0.2903,0.479,0.3924,0.5864,0.5238,0.2323,0.0,0.6137,0.071,0.3444
1630557,Corey Kispert,ATL,55,82,67,41,50,80,375,0.4118,0.472,0.2136,0.5206,0.598,0.0645,0.1092,0.2152,0.2,0.0952,0.088,0.0815,0.48,0.0404,0.0865
1641854,Craig Porter Jr.,CLE,60,40,80,60,70,68,378,0.1176,0.12,0.0615,0.2706,0.5735,0.1935,0.2017,0.4051,0.5017,0.381,0.3227,0.0,0.579,0.0636,0.5337
1631342,Daeqwon Plowden,SAC,45,100,75,76,40,65,401,0.2941,0.408,0.2654,0.4118,0.4461,0.0645,0.1681,0.1772,0.5898,0.2857,0.1956,0.0861,0.2816,0.1049,0.2225
1631207,Dalen Terry,PHI,30,35,55,30,65,91,306,0.4118,0.36,0.0356,0.2676,0.5686,0.0968,0.0672,0.2278,0.2339,0.2381,0.4817,0.1977,0.7571,0.0795,0.5585
1642261,Dalton Knecht,LAL,34,63,35,20,40,23,215,0.4118,0.4,0.0518,0.4,0.5049,0.0645,0.0336,0.1139,0.1017,0.0476,0.3081,0.3714,0.3647,0.0986,0.132
1629655,Daniel Gafford,DAL,60,92,130,29,83,100,494,0.6471,0.8,0.2233,0.7206,0.5,0.4194,0.4958,0.1139,0.4,0.3333,0.313,0.1746,0.6114,0.4605,0.358
1642450,Daniss Jenkins,DET,70,45,37,60,90,90,392,0.2941,0.0,0.2168,0.2735,0.4755,0.0645,0.1092,0.4051,0.3864,0.381,0.3178,0.0,0.7576,0.0512,0.4587
1642874,Danny Wolf,BKN,60,50,90,50,100,40,390,0.7059,0.68,0.2039,0.2618,0.6765,0.1935,0.3277,0.2278,0.3322,0.1905,0.4523,0.0,0.2894,0.1944,0.1901
1629636,Darius Garland,LAC,65,109,44,114,53,49,434,0.1176,0.216,0.5243,0.4412,0.5294,0.0645,0.1176,0.5949,0.4814,0.4286,0.0978,0.1014,0.3462,0.0205,0.3132
1630558,Davion Mitchell,MIA,90,67,48,124,70,101,500,0.0588,0.296,0.2168,0.4412,0.5147,0.0645,0.1429,0.7468,0.7186,0.4286,0.2518,0.2914,0.4132,0.0642,0.3331
1630549,Day'Ron Sharpe,BKN,60,85,80,45,90,71,431,0.6471,0.8,0.1974,0.6059,0.4657,0.129,0.479,0.1899,0.5559,0.4762,0.4548,0.0,0.6272,0.496,0.6456
1628368,De'Aaron Fox,SAS,100,120,55,115,65,67,522,0.2353,0.16,0.5178,0.4294,0.6127,0.0968,0.2353,0.6076,0.6915,0.5238,0.2445,0.0733,0.4408,0.012,0.3822
1629631,De'Andre Hunter,SAC,60,80,60,60,30,30,320,0.4706,0.448,0.3592,0.3324,0.4314,0.0323,0.2605,0.1519,0.4644,0.2857,0.1467,0.0,0.2854,0.1351,0.2265
1629001,De'Anthony Melton,GSW,58,70,45,70,80,100,423,0.1765,0.28,0.3139,0.2529,0.25,0.129,0.1849,0.2025,0.6271,0.7143,0.3594,0.0,0.8425,0.0664,0.7862
201942,DeMar DeRozan,SAC,110,107,45,85,35,47,429,0.4118,0.44,0.5113,0.4765,0.3088,0.0968,0.1597,0.481,0.661,0.4286,0.0636,0.1214,0.4107,0.0723,0.295
1629731,Dean Wade,CLE,65,70,75,65,83,65,423,0.5882,0.504,0.1036,0.4353,0.6765,0.129,0.2689,0.2658,0.5559,0.2857,0.3399,0.0,0.3547,0.2989,0.2863
1629028,Deandre Ayton,LAL,86,113,115,30,63,35,442,0.7647,0.696,0.3204,0.7176,0.4902,0.3226,0.5882,0.0633,0.522,0.2381,0.22,0.0,0.4369,0.254,0.1641
1630166,Deni Avdija,POR,95,130,100,120,35,64,544,0.5294,0.504,0.699,0.4941,0.4755,0.1935,0.4958,0.481,0.8373,0.3333,0.0929,0.0,0.466,0.0602,0.1899
203471,Dennis Schröder,CLE,75,53,42,70,58,85,383,0.1176,0.08,0.2654,0.2765,0.5196,0.0645,0.1429,0.5063,0.4136,0.3333,0.2005,0.3131,0.4159,0.0469,0.3082
1642852,Derik Queen,NOP,90,66,100,55,75,35,421,0.5882,0.68,0.2945,0.3353,0.5098,0.2903,0.5126,0.2911,0.5831,0.4286,0.1174,0.1515,0.3674,0.2533,0.3991
1627884,Derrick Jones Jr.,LAC,65,80,85,65,75,43,413,0.4118,0.36,0.2427,0.4941,0.7353,0.3226,0.2101,0.1899,0.661,0.381,0.2958,0.0,0.3885,0.0492,0.3118
1628401,Derrick White,BOS,130,85,117,125,110,95,662,0.2941,0.2,0.4498,0.2853,0.7451,0.4194,0.2857,0.5823,0.6237,0.4762,0.4499,0.2222,0.4787,0.0342,0.2977
1630217,Desmond Bane,ORL,150,115,65,101,130,95,656,0.4118,0.4,0.5663,0.5147,0.75,0.1613,0.2605,0.3797,0.6847,0.4286,0.2983,0.0451,0.57,0.0753,0.265
1626164,Devin Booker,PHX,95,130,72,112,85,72,566,0.3529,0.328,0.7605,0.45,0.6373,0.0968,0.2437,0.481,0.7458,0.3333,0.2641,0.0679,0.5634,0.1071,0.188
1642269,Devin Carter,SAC,40,59,35,60,31,50,275,0.1765,0.24,0.2039,0.2235,0.25,0.0645,0.1933,0.2785,0.5797,0.381,0.3154,0.0,0.562,0.0,0.5158
1630170,Devin Vassell,SAS,90,75,70,115,70,50,470,0.3529,0.28,0.3657,0.4176,0.6029,0.129,0.2521,0.3165,0.8034,0.381,0.2421,0.0,0.3201,0.0273,0.2617
1628415,Dillon Brooks,PHX,75,105,55,75,55,42,407,0.4706,0.48,0.5696,0.3176,0.5686,0.0645,0.2185,0.1139,0.5661,0.4286,0.1418,0.0498,0.4136,0.0597,0.306
1627734,Domantas Sabonis,SAC,35,110,90,50,35,123,443,0.6471,0.6,0.4272,0.4647,0.0392,0.0645,0.8739,0.2911,0.5322,0.381,0.154,0.0,0.7455,0.5491,0.2721
1631230,Dominick Barlow,PHI,75,71,110,43,65,103,467,0.5882,0.472,0.165,0.4853,0.5833,0.2258,0.3193,0.1646,0.5153,0.381,0.3301,0.0,0.6947,0.0986,0.3705
1642270,Donovan Clingan,POR,91,95,150,75,40,50,501,0.8824,0.92,0.3074,0.5059,0.6324,0.5484,0.8908,0.2278,0.7085,0.2381,0.1785,0.0279,0.3853,0.4703,0.1641
1628378,Donovan Mitchell,CLE,105,143,83,135,70,60,596,0.1765,0.4,0.8188,0.5324,0.5245,0.0968,0.2941,0.481,0.8068,0.6667,0.2689,0.0,0.4881,0.062,0.4616
1628978,Donte DiVincenzo,MIN,110,65,75,125,100,97,572,0.2941,0.304,0.3107,0.3971,0.5784,0.129,0.2605,0.4177,0.7153,0.5714,0.3496,0.0,0.6627,0.0448,0.4353
1627827,Dorian Finney-Smith,HOU,38,45,35,30,75,20,243,0.4706,0.44,0.0227,0.0588,0.4167,0.0645,0.1261,0.1646,0.2475,0.1429,0.3814,0.0,0.2361,0.1763,0.1871
1642962,Drake Powell,BKN,65,55,40,29,50,45,284,0.3529,0.24,0.1262,0.2618,0.5441,0.0645,0.0672,0.1646,0.1898,0.2381,0.3056,0.0,0.3817,0.0888,0.2512
203110,Draymond Green,GSW,80,65,95,73,79,38,430,0.4118,0.52,0.1877,0.3176,0.6176,0.1935,0.3782,0.4684,0.3661,0.381,0.2494,0.1929,0.3398,0.295,0.3038
1629234,Drew Eubanks,SAC,30,65,71,26,55,40,287,0.6471,0.64,0.0841,0.5088,0.3824,0.1935,0.1681,0.0886,0.4,0.1429,0.3227,0.1157,0.252,0.4254,0.2751
1630696,Dru Smith,MIA,59,41,60,35,114,120,429,0.1765,0.304,0.0971,0.2941,0.7255,0.0968,0.1261,0.3418,0.1864,0.619,0.3545,0.8367,0.5545,0.108,1.0
1629130,Duncan Robinson,DET,92,84,85,131,45,84,521,0.4706,0.4,0.3107,0.5794,0.6716,0.0968,0.1429,0.2911,0.9153,0.2381,0.1491,0.2212,0.2491,0.0923,0.162
203939,Dwight Powell,DAL,50,64,70,45,55,105,389,0.6471,0.6,0.0227,0.7853,0.3627,0.0968,0.2605,0.1646,0.6,0.1905,0.3839,0.4209,0.7703,0.5849,0.33
1642928,Dylan Cardwell,SAC,50,60,130,40,100,50,430,0.6471,0.72,0.0906,0.4676,0.6176,0.4839,0.5462,0.1772,0.4847,0.2857,0.5306,0.0,0.6194,0.5151,0.3203
1642844,Dylan Harper,SAS,72,80,76,72,85,80,465,0.3529,0.4,0.2977,0.4176,0.6961,0.0968,0.2017,0.4304,0.5356,0.3333,0.3227,0.0,0.7217,0.0211,0.3388
1630700,Dyson Daniels,ATL,115,83,90,105,116,136,645,0.4706,0.272,0.301,0.3235,0.5784,0.129,0.4874,0.6329,0.8407,0.9048,0.3154,0.0913,0.8055,0.0718,0.6641
1642856,Egor Dëmin,BKN,64,46,60,100,60,97,427,0.5294,0.28,0.2492,0.3794,0.3676,0.0968,0.1849,0.3165,0.6542,0.3333,0.3399,0.1804,0.3752,0.0985,0.291
1641989,Elijah Harkless,UTA,30,40,30,69,95,30,294,0.2353,0.24,0.1359,0.1147,0.2598,0.0645,0.084,0.3544,0.5864,0.5238,0.3961,0.2886,0.166,0.117,0.6236
1630679,Ethan Thompson,IND,40,35,40,60,95,98,368,0.2941,0.24,0.1424,0.2441,0.6324,0.0968,0.1008,0.2405,0.5153,0.2381,0.5281,0.3714,0.186,0.2059,0.2604
1630596,Evan Mobley,CLE,90,125,143,65,81,75,579,0.7059,0.4,0.5049,0.4824,0.701,0.5484,0.6723,0.3291,0.5661,0.2857,0.3301,0.0,0.4007,0.359,0.1626
1630532,Franz Wagner,ORL,55,120,85,80,45,105,490,0.6471,0.44,0.5825,0.4588,0.5098,0.0968,0.3529,0.3165,0.5763,0.381,0.3447,0.0758,0.4758,0.1436,0.2681
1641713,GG Jackson,MEM,60,86,70,62,50,45,373,0.5882,0.36,0.3204,0.4676,0.4314,0.2581,0.2773,0.1139,0.6712,0.2381,0.2641,0.0,0.411,0.0406,0.2424
1629216,Gabe Vincent,ATL,47,20,40,60,30,65,262,0.1765,0.28,0.0583,0.2324,0.4804,0.0323,0.0,0.2278,0.5186,0.1905,0.1907,0.3652,0.5774,0.0786,0.2697
203914,Gary Harris,MIL,40,30,31,35,60,32,228,0.2941,0.36,0.0032,0.4735,0.4412,0.0645,0.0252,0.2025,0.3153,0.2381,0.3325,0.0,0.44,0.0424,0.4446
1627780,Gary Payton II,GSW,60,90,60,50,55,100,415,0.1765,0.24,0.1586,0.5882,0.5245,0.0968,0.2185,0.2278,0.5085,0.381,0.2323,0.0,0.8332,0.1038,0.6308
1629018,Gary Trent Jr.,MIL,65,45,39,60,34,20,263,0.3529,0.312,0.178,0.2971,0.3382,0.0,0.0,0.1899,0.3729,0.1905,0.1614,0.0,0.3095,0.0411,0.1841
203507,Giannis Antetokounmpo,MIL,55,150,145,95,55,45,545,0.7059,0.624,0.8091,0.6647,0.7304,0.2258,0.7395,0.3924,0.9017,0.381,0.357,0.0,0.5151,0.2409,0.2831
1629048,Goga Bitadze,ORL,50,85,120,40,50,50,395,0.7059,0.68,0.1068,0.7882,0.5441,0.3226,0.3361,0.1899,0.5153,0.2381,0.3178,0.0997,0.4505,0.6776,0.3922
1641711,Gradey Dick,TOR,55,48,30,40,95,80,348,0.4706,0.28,0.11,0.3118,0.5,0.0323,0.0756,0.1266,0.4034,0.2381,0.4181,0.2706,0.7135,0.0685,0.4365
1629684,Grant Williams,CHA,40,60,85,70,120,70,445,0.4706,0.568,0.1424,0.5206,1.0,0.1613,0.2437,0.2025,0.6068,0.1905,0.4645,0.5357,0.5047,0.4411,0.206
1628960,Grayson Allen,PHX,70,95,50,113,55,60,443,0.2353,0.264,0.4498,0.4,0.451,0.0968,0.1681,0.3924,0.5797,0.619,0.1907,0.0,0.4684,0.0296,0.5118
1627824,Guerschon Yabusele,CHI,54,40,60,45,65,55,319,0.4706,0.8,0.0971,0.3265,0.4118,0.0645,0.2101,0.1519,0.3797,0.1429,0.2298,0.1515,0.5693,0.375,0.2245
1630611,Gui Santos,GSW,68,86,45,60,65,78,402,0.4706,0.16,0.2136,0.5206,0.4118,0.0968,0.2437,0.2152,0.5119,0.381,0.3472,0.2218,0.3764,0.2048,0.4502
203084,Harrison Barnes,SAS,88,70,52,85,68,70,433,0.4706,0.48,0.2362,0.5176,0.6078,0.0645,0.1513,0.2532,0.6203,0.2381,0.1858,0.1175,0.3871,0.1807,0.1798
1630529,Herbert Jones,NOP,74,55,70,80,122,80,481,0.4706,0.328,0.2039,0.1735,0.5196,0.1613,0.2017,0.3038,0.6034,0.7143,0.3594,0.1067,0.4856,0.1683,0.613
1642864,Hugo González,BOS,55,53,91,45,70,65,379,0.4118,0.28,0.0421,0.3794,0.7598,0.0968,0.1933,0.1139,0.522,0.2381,0.4156,0.1557,0.5094,0.1169,0.4134
1630193,Immanuel Quickley,TOR,100,95,69,133,78,70,545,0.1765,0.2,0.4466,0.4265,0.6373,0.0323,0.2521,0.6709,0.6508,0.5714,0.1809,0.0,0.3655,0.0657,0.4089
1630171,Isaac Okoro,CHI,75,65,75,65,38,135,453,0.2941,0.48,0.2168,0.4176,0.6127,0.1613,0.1429,0.2278,0.6,0.2857,0.0831,0.6197,0.4319,0.2065,0.216
1642268,Isaiah Collier,UTA,70,75,35,80,30,35,325,0.2941,0.36,0.2945,0.3971,0.2745,0.0968,0.1261,0.7089,0.4068,0.4762,0.1638,0.059,0.3015,0.0082,0.4358
1628392,Isaiah Hartenstein,OKC,59,80,150,60,65,121,535,0.7647,0.68,0.2136,0.5853,0.8137,0.2581,0.7059,0.3418,0.6373,0.4286,0.3521,0.0626,0.7404,0.6985,0.4164
1630543,Isaiah Jackson,LAC,50,75,80,50,90,55,400,0.5294,0.32,0.1327,0.65,0.4608,0.2903,0.3613,0.0886,0.7695,0.2857,0.2029,0.0,0.5472,0.358,0.4308
1630198,Isaiah Joe,OKC,70,90,50,90,75,94,469,0.2941,0.0,0.2751,0.6618,0.6373,0.0645,0.1261,0.2025,0.5661,0.2857,0.2738,0.3931,0.4021,0.0695,0.3077
1630191,Isaiah Stewart,DET,65,90,139,35,35,30,394,0.5294,0.68,0.2395,0.5882,0.7059,0.5161,0.3361,0.1013,0.3763,0.0952,0.1589,0.0,0.3353,0.4463,0.0483
1627826,Ivica Zubac,IND,70,101,140,50,45,50,456,0.7647,0.6,0.3722,0.5588,0.6275,0.2581,0.8067,0.1646,0.6542,0.1429,0.2005,0.0,0.3436,0.5767,0.0493
1629630,Ja Morant,MEM,35,100,91,92,45,95,458,0.1765,0.072,0.5469,0.2618,0.4167,0.0968,0.1933,0.6835,0.4508,0.4286,0.3839,0.2668,0.4954,0.0674,0.3364
1642266,Ja'Kobe Walter,TOR,70,55,66,59,90,100,440,0.2941,0.12,0.1586,0.5235,0.598,0.0645,0.1345,0.2025,0.4373,0.4286,0.2738,0.2587,0.4995,0.076,0.5141
1631095,Jabari Smith Jr.,HOU,150,92,115,91,55,38,541,0.7059,0.44,0.4272,0.4029,0.6225,0.2903,0.4958,0.1772,0.661,0.2857,0.1565,0.0,0.3278,0.1446,0.1364
1631133,Jabari Walker,PHI,43,48,50,42,65,36,284,0.4706,0.576,0.055,0.4,0.5049,0.0645,0.1681,0.1266,0.5085,0.1429,0.2983,0.4457,0.4236,0.2286,0.3155
1630702,Jaden Hardy,WAS,50,55,43,75,75,45,343,0.2353,0.264,0.2136,0.3941,0.4853,0.0323,0.042,0.1013,0.6644,0.0952,0.3936,0.2877,0.3605,0.0975,0.1239
1631093,Jaden Ivey,CHI,40,56,55,50,40,50,291,0.2353,0.24,0.1909,0.4088,0.3873,0.129,0.1261,0.2025,0.3356,0.2381,0.1614,0.0,0.6341,0.0461,0.3094
1630183,Jaden McDaniels,MIN,103,95,115,70,75,90,548,0.5882,0.16,0.3948,0.5265,0.6569,0.3226,0.2689,0.2278,0.6068,0.4762,0.2078,0.0239,0.5362,0.021,0.3297
1642942,Jahmai Mashack,MEM,40,44,40,30,102,70,326,0.2941,0.304,0.1165,0.0706,0.2304,0.1613,0.1345,0.1899,0.2644,0.5238,0.1907,0.1048,0.4822,0.1198,0.5994
1631170,Jaime Jaquez Jr.,MIA,95,100,80,75,55,108,513,0.4118,0.48,0.4142,0.4059,0.5588,0.0968,0.3361,0.4557,0.5661,0.2857,0.2836,0.0,0.4577,0.1663,0.1992
1631222,Jake LaRavia,LAL,90,64,65,60,71,90,440,0.4706,0.56,0.1812,0.4088,0.5049,0.1613,0.2521,0.2025,0.5966,0.5714,0.1614,0.0604,0.5557,0.144,0.5535
1627751,Jakob Poeltl,TOR,60,110,80,45,55,108,458,0.7647,0.704,0.2621,0.7824,0.3922,0.2258,0.5042,0.2152,0.5797,0.381,0.2152,0.1212,0.4683,0.6244,0.3467
1628973,Jalen Brunson,NYK,120,130,35,136,50,150,621,0.1765,0.2,0.7573,0.4353,0.5,0.0323,0.1933,0.6709,0.7763,0.3333,0.0807,0.8443,0.385,0.0308,0.1746
1631105,Jalen Duren,DET,88,130,125,55,60,110,568,0.6471,0.68,0.5469,0.7529,0.598,0.2581,0.7983,0.1266,0.8068,0.3333,0.2469,0.0,0.7778,0.6298,0.2468
1630224,Jalen Green,PHX,45,100,100,83,107,48,483,0.2941,0.168,0.4919,0.2471,0.7745,0.0968,0.2185,0.1772,0.5729,0.4762,0.2347,0.0,0.2555,0.0168,0.4314
1630552,Jalen Johnson,ATL,115,125,100,121,80,65,606,0.5294,0.432,0.644,0.4382,0.451,0.129,0.7815,0.6835,0.6983,0.5238,0.2323,0.0646,0.3028,0.1313,0.3217
1629618,Jalen Pickett,DEN,45,35,86,40,63,26,295,0.1765,0.296,0.0841,0.3206,0.799,0.0323,0.1092,0.3165,0.1831,0.0952,0.3667,0.0,0.4052,0.1611,0.1193
1630188,Jalen Smith,CHI,55,90,130,85,40,95,495,0.5294,0.632,0.246,0.5176,0.5686,0.2581,0.479,0.1392,0.7898,0.1905,0.3839,0.2928,0.4129,0.6073,0.1916
1630591,Jalen Suggs,ORL,73,85,60,100,125,116,559,0.3529,0.32,0.3625,0.3794,0.4608,0.2258,0.2437,0.4684,0.5763,0.8095,0.4425,0.302,0.7347,0.056,0.7293
1631114,Jalen Williams,OKC,50,100,82,90,65,75,462,0.3529,0.368,0.4693,0.3765,0.598,0.0968,0.3025,0.5696,0.5932,0.5238,0.2543,0.0,0.4658,0.0993,0.4286
1630592,Jalen Wilson,BKN,45,30,35,45,30,40,225,0.4118,0.44,0.123,0.3059,0.2647,0.0,0.0924,0.1392,0.4136,0.1429,0.3399,0.0,0.3933,0.1443,0.2047
1627750,Jamal Murray,DEN,132,130,50,150,60,50,572,0.2941,0.4,0.7379,0.5588,0.5098,0.129,0.2857,0.7215,0.9898,0.381,0.0782,0.107,0.3009,0.0303,0.2082
1642347,Jamal Shead,TOR,80,35,30,100,85,40,370,0.1176,0.28,0.1294,0.1735,0.5,0.0645,0.0588,0.6203,0.6068,0.381,0.357,0.2347,0.3246,0.0444,0.3968
1631123,Jamaree Bouyea,PHX,40,50,65,35,110,41,341,0.1765,0.12,0.1003,0.2676,0.6814,0.0968,0.0672,0.2532,0.261,0.2381,0.4963,0.0,0.5332,0.047,0.4365
201935,James Harden,CLE,110,123,60,130,80,25,528,0.3529,0.44,0.6796,0.5235,0.5784,0.129,0.3193,0.6835,0.461,0.4762,0.2249,0.0,0.4922,0.1048,0.2892
1642364,Jamir Watkins,WAS,55,75,65,55,65,72,387,0.4118,0.36,0.1553,0.3588,0.3431,0.1613,0.2437,0.1772,0.5559,0.4762,0.4279,0.2942,0.4288,0.0683,0.5745
1642419,Jamison Battle,TOR,20,50,74,40,48,32,264,0.4706,0.44,0.0162,0.5971,0.451,0.0,0.042,0.1266,0.4712,0.0,0.4303,0.1783,0.4802,0.1741,0.0293
1641716,Jarace Walker,IND,85,57,60,60,70,35,367,0.4706,0.56,0.2913,0.3265,0.4363,0.0968,0.3445,0.2025,0.4237,0.3333,0.2005,0.0295,0.2578,0.1051,0.2829
1642272,Jared McCain,OKC,60,40,60,61,55,80,356,0.2353,0.24,0.1845,0.35,0.5196,0.0323,0.084,0.1772,0.539,0.1905,0.3692,0.219,0.617,0.0313,0.2538
1628991,Jaren Jackson Jr.,UTA,70,110,120,90,150,50,590,0.6471,0.616,0.5437,0.4235,0.7598,0.4516,0.395,0.0886,0.8237,0.4762,1.0,0.05,0.4151,0.1844,0.3507
1629020,Jarred Vanderbilt,LAL,58,55,52,40,106,70,381,0.5294,0.392,0.0583,0.3294,0.5147,0.0968,0.2941,0.1646,0.4508,0.3333,0.291,0.0,0.7791,0.1534,0.4808
1628386,Jarrett Allen,CLE,70,120,125,50,75,99,539,0.5882,0.624,0.4142,0.6971,0.5931,0.2581,0.6303,0.1772,0.6644,0.4286,0.2714,0.1118,0.6353,0.3747,0.3585
1642859,Jase Richardson,ORL,35,47,42,45,80,78,327,0.1176,0.12,0.0583,0.4176,0.4216,0.0,0.0168,0.1899,0.4712,0.1429,0.2763,0.2085,0.7499,0.0846,0.3558
1642914,Javon Small,MEM,45,60,70,85,85,60,405,0.1176,0.2,0.2298,0.5265,0.6275,0.0645,0.1765,0.4051,0.5458,0.3333,0.2714,0.0,0.466,0.0363,0.3939
1629750,Javonte Green,DET,70,65,80,45,80,65,405,0.3529,0.32,0.1392,0.5147,0.5735,0.0968,0.1513,0.1392,0.3797,0.5238,0.3619,0.0,0.9244,0.1377,0.7681
1629637,Jaxson Hayes,LAL,60,104,65,40,70,20,359,0.7647,0.44,0.1586,0.9588,0.6029,0.2581,0.2605,0.1646,0.5254,0.1429,0.3154,0.0828,0.3201,0.2886,0.1615
1630643,Jay Huff,IND,76,92,110,60,100,40,478,0.8235,0.6,0.2233,0.4882,0.6078,0.6129,0.2521,0.1899,0.4712,0.1905,0.3741,0.0361,0.2862,0.4763,0.1871
1627759,Jaylen Brown,BOS,110,136,105,95,60,88,594,0.4118,0.464,0.8447,0.4147,0.7892,0.129,0.4958,0.3038,0.6203,0.4286,0.1149,0.022,0.6208,0.1456,0.256
1641740,Jaylen Clark,MIN,49,40,77,40,95,30,331,0.3529,0.32,0.0453,0.3,0.7353,0.0323,0.0672,0.1519,0.4746,0.2857,0.3521,0.0,0.4875,0.0856,0.575
1642377,Jaylen Wells,MEM,80,75,53,87,80,66,441,0.4706,0.384,0.3204,0.3735,0.5294,0.0323,0.1849,0.1772,0.6949,0.381,0.2396,0.0,0.4728,0.062,0.3217
1631119,Jaylin Williams,OKC,62,55,99,65,95,90,466,0.5882,0.6,0.1489,0.4853,0.7696,0.1935,0.3782,0.2911,0.4508,0.1905,0.3545,1.0,0.3082,0.4472,0.2076
1642281,Jaylon Tyson,CLE,80,80,90,75,60,90,475,0.4118,0.4,0.343,0.5176,0.7206,0.129,0.3445,0.2025,0.5424,0.3333,0.2445,0.0,0.4736,0.1924,0.2647
1628369,Jayson Tatum,BOS,20,115,110,120,130,20,515,0.5294,0.36,0.6214,0.3206,0.8971,0.0645,0.7563,0.481,0.5898,0.619,0.3056,0.0,0.219,0.1173,0.4376
203924,Jerami Grant,POR,75,102,50,95,50,74,446,0.4706,0.384,0.5178,0.5176,0.5539,0.1935,0.2101,0.1139,0.7153,0.2857,0.1491,0.102,0.4622,0.1122,0.1839
1642847,Jeremiah Fears,NOP,92,74,41,64,60,65,396,0.2353,0.2,0.3786,0.2735,0.4412,0.129,0.2269,0.2658,0.5322,0.5238,0.1663,0.0294,0.3762,0.0637,0.4844
1630579,Jericho Sims,MIL,65,100,60,40,57,56,378,0.6471,0.68,0.0777,1.0,0.6422,0.0968,0.3782,0.1772,0.5119,0.0952,0.1638,0.0,0.4221,0.5889,0.0747
1641724,Jett Howard,ORL,40,30,48,54,30,20,222,0.5294,0.4,0.0939,0.3794,0.4657,0.0645,0.0504,0.1772,0.5051,0.0476,0.1149,0.0,0.4865,0.1074,0.0831
1628975,Jevon Carter,ORL,45,40,40,40,100,40,305,0.0588,0.2,0.123,0.3088,0.6275,0.0645,0.0588,0.2278,0.1627,0.3333,0.2543,0.0,0.4311,0.0935,0.5141
202710,Jimmy Butler III,GSW,60,120,50,100,105,115,550,0.4118,0.52,0.5631,0.6294,0.402,0.0645,0.3866,0.5316,0.7254,0.619,0.4205,0.0731,0.7369,0.1672,0.4648
1629111,Jock Landale,ATL,70,75,80,54,35,58,372,0.7059,0.72,0.2589,0.4794,0.3382,0.1613,0.395,0.2152,0.4441,0.1905,0.1858,0.0343,0.3584,0.7353,0.1716
203954,Joel Embiid,PHI,60,132,120,95,85,30,522,0.7647,0.84,0.7864,0.5088,0.6765,0.3871,0.563,0.2405,0.8102,0.2381,0.291,0.0719,0.396,0.3267,0.1239
1628381,John Collins,LAC,82,105,90,50,70,60,457,0.5882,0.488,0.356,0.6206,0.6422,0.2258,0.3613,0.0633,0.4576,0.381,0.2298,0.028,0.418,0.138,0.3102
1629723,John Konchar,UTA,56,70,45,45,150,108,474,0.3529,0.36,0.0583,0.4,0.5294,0.2258,0.2773,0.3038,0.3797,0.6667,0.3154,0.0761,0.8543,0.0938,0.8623
1642277,Johnny Furphy,IND,40,55,55,53,50,110,363,0.5294,0.28,0.0809,0.3382,0.3137,0.0645,0.2857,0.1646,0.5797,0.2381,0.3399,0.0,0.6382,0.1722,0.3023
202685,Jonas Valanciunas,DEN,46,75,95,24,25,20,285,0.7059,0.8,0.1974,0.5824,0.4314,0.1935,0.3445,0.1266,0.2915,0.0476,0.2323,0.0,0.3918,0.7984,0.0707
1628371,Jonathan Isaac,ORL,20,45,100,20,115,20,320,0.6471,0.52,0.0,0.1941,0.8578,0.1935,0.1261,0.1266,0.1966,0.1429,0.4548,0.0,0.1766,0.3121,0.3991
1630228,Jonathan Kuminga,ATL,45,75,80,45,108,80,433,0.4706,0.48,0.3107,0.3676,0.5539,0.0968,0.3866,0.1646,0.4068,0.2381,0.5208,0.0984,0.4622,0.1314,0.2154
203903,Jordan Clarkson,NYK,62,60,60,50,28,65,325,0.3529,0.232,0.1942,0.3412,0.4118,0.0323,0.0672,0.1646,0.4407,0.1429,0.2543,0.0,0.4565,0.1657,0.1696
1630692,Jordan Goodwin,PHX,73,50,65,78,79,100,445,0.2353,0.4,0.1974,0.2735,0.5049,0.0645,0.3277,0.2658,0.5797,0.6667,0.3301,0.0337,0.7376,0.1453,0.7483
1641722,Jordan Hawkins,NOP,40,20,40,35,75,50,260,0.3529,0.2,0.0809,0.1412,0.4804,0.0645,0.0588,0.1266,0.3153,0.0952,0.2787,0.1671,0.4678,0.0432,0.1641
1641757,Jordan Miller,LAC,65,78,65,53,65,45,371,0.3529,0.232,0.2395,0.5765,0.549,0.0645,0.1681,0.2658,0.4881,0.3333,0.2567,0.0686,0.3457,0.0594,0.3493
1629673,Jordan Poole,NOP,50,60,47,80,70,30,337,0.2941,0.232,0.3495,0.2882,0.5588,0.129,0.084,0.2785,0.3966,0.2381,0.2592,0.2536,0.2574,0.035,0.204
1641775,Jordan Walsh,BOS,60,63,97,50,48,36,354,0.4118,0.32,0.0906,0.5618,0.6863,0.1613,0.2521,0.1519,0.5051,0.2857,0.1907,0.0,0.3462,0.1827,0.3903
1630631,Jose Alvarado,NYK,65,55,35,69,95,55,374,0.0588,0.112,0.1553,0.3265,0.5196,0.0323,0.1261,0.4051,0.3932,0.4286,0.4499,0.0761,0.5019,0.0559,0.5333
1630581,Josh Giddey,CHI,77,90,84,130,55,109,545,0.4706,0.392,0.466,0.3824,0.4314,0.1613,0.6134,0.8101,0.6,0.4286,0.2347,0.0944,0.5814,0.0582,0.2832
1630182,Josh Green,CHA,50,50,45,55,150,85,435,0.4118,0.28,0.055,0.6235,0.9265,0.0323,0.0672,0.1392,0.5932,0.2381,0.4719,0.0965,0.7204,0.0982,0.3757
1628404,Josh Hart,NYK,90,85,65,95,70,111,516,0.3529,0.4,0.3042,0.5294,0.4657,0.0968,0.5378,0.481,0.5763,0.4762,0.1883,0.1254,0.7417,0.1001,0.3523
1631169,Josh Minott,BKN,45,79,85,47,45,65,366,0.5294,0.32,0.1553,0.65,0.598,0.1613,0.1849,0.1139,0.3966,0.381,0.2934,0.0,0.7442,0.1075,0.5685
1629006,Josh Okogie,HOU,65,30,65,50,55,75,340,0.2941,0.384,0.0615,0.3294,0.5588,0.0645,0.1345,0.1646,0.5186,0.3333,0.2934,0.1306,1.0,0.0571,0.4774
201950,Jrue Holiday,POR,72,90,70,125,95,66,518,0.2941,0.44,0.4434,0.4147,0.6176,0.0323,0.3025,0.5316,0.6847,0.4286,0.4132,0.0,0.5056,0.0621,0.3207
1630577,Julian Champagnie,SAS,100,82,85,105,60,70,502,0.4706,0.416,0.2751,0.5206,0.5,0.1613,0.4034,0.2025,0.8068,0.3333,0.3154,0.0,0.4807,0.149,0.2548
1631124,Julian Strawther,DEN,45,55,35,40,30,46,251,0.4118,0.32,0.1489,0.4647,0.3284,0.0323,0.084,0.1772,0.3085,0.1429,0.3252,0.1004,0.4723,0.0177,0.2222
203944,Julius Randle,MIN,125,120,80,107,50,55,537,0.5882,0.68,0.5987,0.45,0.5049,0.0645,0.479,0.4051,0.8407,0.4762,0.1198,0.0,0.5472,0.2255,0.3118
1630551,Justin Champagnie,WAS,66,75,70,55,80,60,406,0.4118,0.328,0.1974,0.4618,0.4363,0.1935,0.3866,0.1772,0.6034,0.381,0.2983,0.0,0.6114,0.0858,0.4646
1642348,Justin Edwards,PHI,50,54,35,55,30,40,264,0.4706,0.416,0.11,0.4118,0.1471,0.0645,0.042,0.2025,0.4644,0.3333,0.2249,0.099,0.4472,0.0912,0.56
203994,Jusuf Nurkić,UTA,55,70,120,56,93,50,444,0.7059,1.0,0.2686,0.3412,0.4706,0.1613,0.7899,0.4051,0.4271,0.5714,0.3643,0.0,0.3135,0.8879,0.5201
1642880,Kam Jones,IND,36,30,40,55,55,50,266,0.2941,0.28,0.0583,0.1118,0.2892,0.0,0.0504,0.3924,0.4,0.1905,0.3032,0.0,0.3385,0.2,0.2673
1626157,Karl-Anthony Towns,NYK,104,120,121,83,40,65,533,0.7647,0.664,0.5663,0.55,0.5245,0.1613,0.916,0.1772,0.7322,0.381,0.1858,0.0733,0.4589,0.5547,0.2555
1631255,Karlo Matković,NOP,50,90,100,31,95,51,417,0.6471,0.528,0.1003,0.7765,0.7108,0.2903,0.2269,0.1519,0.3186,0.1429,0.4303,0.1546,0.5056,0.3777,0.2316
1642857,Kasparas Jakučionis,MIA,50,30,58,75,40,111,364,0.3529,0.28,0.1165,0.5353,0.5441,0.0323,0.1345,0.3291,0.5864,0.2381,0.2763,0.2554,0.6928,0.0809,0.3167
202695,Kawhi Leonard,LAC,91,140,45,128,98,64,566,0.4118,0.48,0.8188,0.5794,0.348,0.129,0.4538,0.3165,0.9119,0.8571,0.3447,0.0,0.5464,0.1099,0.6504
1630811,Keaton Wallace,ATL,30,20,30,25,60,60,225,0.2353,0.16,0.0291,0.2588,0.5,0.0323,0.0084,0.2785,0.0644,0.1905,0.3154,0.0,0.7576,0.1894,0.5235
1631099,Keegan Murray,SAC,45,80,100,55,85,95,460,0.5294,0.48,0.3689,0.1971,0.2843,0.5161,0.395,0.1772,0.4339,0.4286,0.3178,0.0878,0.4156,0.1495,0.2548
1642276,Kel'el Ware,MIA,75,85,119,50,90,81,500,0.7647,0.52,0.2751,0.5412,0.549,0.3548,0.6723,0.1013,0.4576,0.3333,0.198,0.0,0.536,0.4963,0.3493
1629640,Keldon Johnson,SAS,85,95,80,55,70,64,449,0.4118,0.44,0.343,0.5324,0.6912,0.0323,0.3697,0.1772,0.4983,0.2381,0.2983,0.0325,0.4939,0.2629,0.2125
1626162,Kelly Oubre Jr.,PHI,74,90,67,73,80,52,436,0.5294,0.36,0.3722,0.4353,0.5245,0.1613,0.3361,0.1392,0.6441,0.619,0.1345,0.0,0.4509,0.0787,0.4573
1629026,Kenrich Williams,OKC,45,53,46,44,25,40,253,0.4706,0.36,0.1262,0.4029,0.2843,0.0323,0.1933,0.1899,0.3661,0.2381,0.1516,0.5447,0.3372,0.2392,0.3888
203484,Kentavious Caldwell-Pope,MEM,55,50,20,63,40,40,268,0.3529,0.312,0.1877,0.2971,0.1667,0.0645,0.1261,0.3038,0.5254,0.3333,0.3325,0.0,0.5185,0.0444,0.3671
1631165,Keon Ellis,CLE,70,58,65,55,72,50,370,0.2941,0.08,0.1327,0.4324,0.5686,0.1935,0.0756,0.1646,0.5051,0.5238,0.2396,0.0,0.4995,0.0098,0.6418
201142,Kevin Durant,HOU,150,135,115,110,54,20,584,0.7059,0.6,0.7573,0.6147,0.7892,0.2903,0.3782,0.3165,0.739,0.3333,0.1565,0.0,0.3606,0.054,0.1631
1628989,Kevin Huerter,DET,71,89,71,75,88,55,449,0.4118,0.2,0.2395,0.3529,0.6127,0.1613,0.2101,0.3165,0.5458,0.381,0.357,0.0337,0.3013,0.0983,0.3991
201567,Kevin Love,UTA,35,35,50,85,77,85,367,0.6471,0.688,0.1327,0.4,0.2353,0.0645,0.4034,0.2405,0.6915,0.1429,0.2054,0.3652,0.8477,0.7058,0.1908
1629645,Kevin Porter Jr.,MIL,61,100,90,100,99,130,580,0.3529,0.304,0.479,0.3971,0.549,0.1613,0.3529,0.6835,0.5492,1.0,0.3227,0.0,0.8224,0.0536,0.743
1641718,Keyonte George,UTA,80,125,20,125,65,71,486,0.2941,0.16,0.6796,0.5206,0.2794,0.0968,0.2269,0.4937,0.7322,0.4762,0.1125,0.0916,0.4437,0.0743,0.3105
203114,Khris Middleton,DAL,70,50,80,60,45,65,370,0.4706,0.456,0.246,0.2971,0.5833,0.0323,0.2269,0.2532,0.5288,0.2857,0.0538,0.2659,0.3705,0.1796,0.2773
202691,Klay Thompson,DAL,70,50,80,80,75,30,385,0.3529,0.44,0.2945,0.3206,0.7108,0.0968,0.0924,0.1772,0.4,0.1905,0.4034,0.0,0.2495,0.0259,0.177
1641738,Kobe Brown,IND,50,55,77,21,25,57,285,0.4706,0.68,0.1036,0.4765,0.4706,0.0645,0.1681,0.1646,0.0814,0.1429,0.2494,0.2877,0.5203,0.2455,0.2068
1642920,Kobe Sanders,LAC,65,55,72,50,65,55,362,0.5294,0.336,0.1521,0.4853,0.5637,0.0323,0.1092,0.1646,0.4373,0.2857,0.3325,0.0761,0.5301,0.1355,0.3359
1642851,Kon Knueppel,CHA,116,115,90,127,67,118,633,0.4118,0.4,0.5146,0.5912,0.6912,0.0645,0.3613,0.2911,0.7695,0.2857,0.1687,0.0962,0.5577,0.0979,0.1663
1627739,Kris Dunn,LAC,99,60,55,70,90,65,439,0.2353,0.32,0.1521,0.4382,0.6569,0.0645,0.1933,0.3924,0.5424,0.7143,0.2518,0.0,0.4472,0.0376,0.6456
1631200,Kris Murray,POR,65,65,90,45,105,95,465,0.5294,0.424,0.1036,0.3471,0.7353,0.129,0.2185,0.1899,0.4712,0.381,0.3863,0.1295,0.5276,0.2456,0.3789
204001,Kristaps Porziņģis,GSW,43,96,108,95,75,30,447,0.8824,0.6,0.4563,0.4412,0.6324,0.3871,0.3529,0.2658,0.7153,0.2381,0.3374,0.0,0.3496,0.3995,0.2027
203937,Kyle Anderson,MIN,45,55,40,32,135,20,327,0.5294,0.52,0.1165,0.4147,0.5245,0.1935,0.2101,0.3671,0.2271,0.4286,0.4792,0.0,0.1222,0.2011,0.5366
1642271,Kyle Filipowski,UTA,80,80,65,70,55,65,415,0.7059,0.68,0.2848,0.4529,0.3529,0.1613,0.521,0.2405,0.6678,0.381,0.2323,0.1295,0.4077,0.323,0.3789
1628398,Kyle Kuzma,MIL,80,85,88,60,55,45,413,0.5294,0.448,0.3366,0.4382,0.6863,0.129,0.2941,0.2405,0.5017,0.2857,0.2714,0.1157,0.1771,0.1662,0.2251
1642273,Kyshawn George,WAS,67,77,85,90,56,124,499,0.5294,0.28,0.3948,0.3735,0.549,0.2903,0.3445,0.3544,0.5186,0.4286,0.2885,0.3397,0.4745,0.1724,0.3268
1630163,LaMelo Ball,CHA,90,100,62,150,46,83,531,0.4706,0.12,0.5663,0.3353,0.4363,0.0968,0.3193,0.6582,0.9729,0.5238,0.1467,0.0,0.5332,0.0766,0.4365
1629013,Landry Shamet,NYK,60,70,63,65,40,62,360,0.3529,0.2,0.2168,0.4882,0.5196,0.0645,0.0672,0.2152,0.4305,0.2381,0.4108,0.1318,0.1718,0.1189,0.2169
1628374,Lauri Markkanen,UTA,70,135,80,99,129,60,573,0.8235,0.6,0.7799,0.5176,0.6029,0.1613,0.4958,0.1899,0.6373,0.4286,0.445,0.0,0.3039,0.1505,0.2571
2544,LeBron James,LAL,90,125,77,100,89,20,501,0.5882,0.68,0.5922,0.4765,0.4657,0.1935,0.4286,0.6456,0.5153,0.5238,0.3472,0.0,0.4591,0.0854,0.3486
1631159,Leonard Miller,CHI,40,98,64,70,55,85,412,0.6471,0.44,0.1683,0.5912,0.5637,0.0968,0.2437,0.1266,0.8441,0.1429,0.3423,0.0,0.5815,0.2102,0.2111
1628366,Lonzo Ball,CLE,40,38,88,57,97,85,405,0.3529,0.2,0.0647,0.0,0.7941,0.0968,0.2521,0.4177,0.3017,0.5714,0.3521,0.0,0.7613,0.1727,0.6937
1629652,Luguentz Dort,OKC,80,45,80,65,50,33,353,0.2941,0.44,0.1845,0.2706,0.6569,0.129,0.2185,0.1646,0.5356,0.381,0.1467,0.0848,0.2558,0.1144,0.315
1629029,Luka Dončić,LAL,100,150,70,150,115,90,675,0.5294,0.52,1.0,0.5412,0.4951,0.1613,0.563,0.6582,0.8,0.7143,0.22,0.4656,0.4145,0.0467,0.4605
1630568,Luka Garza,BOS,57,80,63,55,37,101,393,0.6471,0.624,0.178,0.7353,0.451,0.129,0.2605,0.1519,0.5831,0.1429,0.1516,0.3274,0.4543,0.8027,0.1986
1628379,Luke Kennard,LAL,75,65,45,65,42,35,327,0.3529,0.328,0.1877,0.7559,0.4265,0.0323,0.1092,0.2911,0.478,0.2857,0.3399,0.0,0.2393,0.0544,0.3016
1628436,Luke Kornet,SAS,70,75,115,40,63,50,413,0.8235,0.68,0.1262,0.7559,0.6324,0.3226,0.4286,0.3038,0.4169,0.1905,0.2029,0.2165,0.1927,0.4835,0.1871
1628370,Malik Monk,SAC,65,68,51,90,50,35,359,0.2353,0.28,0.3204,0.4,0.4853,0.129,0.0756,0.3038,0.5593,0.2381,0.3081,0.0689,0.4622,0.0151,0.2324
203935,Marcus Smart,LAL,80,52,55,90,120,120,517,0.2353,0.44,0.2168,0.3265,0.7353,0.129,0.1513,0.3038,0.6508,0.619,0.4279,0.8507,0.5427,0.1677,0.5185
1631109,Mark Williams,PHX,69,100,90,30,82,60,431,0.8235,0.6,0.2945,0.7294,0.3578,0.2903,0.5882,0.1013,0.4542,0.381,0.2127,0.0,0.4514,0.4129,0.3747
1628963,Marvin Bagley III,DAL,60,90,100,50,60,110,470,0.6471,0.56,0.2557,0.6735,0.5931,0.2258,0.4286,0.1646,0.5864,0.1905,0.1614,0.4546,0.4711,0.4517,0.2027
1641824,Matas Buzelis,CHI,100,110,115,74,50,90,539,0.5294,0.248,0.4434,0.4529,0.5539,0.4839,0.4034,0.1139,0.5593,0.2857,0.2103,0.0778,0.3749,0.0807,0.1892
1631108,Max Christie,DAL,100,75,56,80,55,45,411,0.3529,0.2,0.3139,0.4971,0.5245,0.129,0.1849,0.2152,0.4915,0.2381,0.2054,0.026,0.2318,0.0318,0.1453
1642875,Maxime Raynaud,SAC,86,95,85,49,48,63,426,0.8235,0.68,0.3204,0.55,0.4265,0.1613,0.5462,0.1266,0.6034,0.1905,0.154,0.0,0.3121,0.3606,0.1224
1642877,Micah Peavy,NOP,50,22,75,45,80,60,332,0.4706,0.4,0.055,0.0676,0.6176,0.0323,0.0756,0.2025,0.4542,0.2857,0.3423,0.101,0.4945,0.1336,0.4864
1630695,Micah Potter,IND,50,90,57,58,65,44,364,0.5882,0.664,0.2298,0.7265,0.2598,0.0968,0.3361,0.1772,0.4542,0.1905,0.3716,0.0,0.2429,0.4294,0.2145
1629008,Michael Porter Jr.,BKN,75,130,65,130,48,60,508,0.6471,0.424,0.699,0.4794,0.2696,0.0968,0.5126,0.2025,0.8881,0.4762,0.1736,0.0,0.4701,0.1432,0.3185
1628969,Mikal Bridges,NYK,150,100,66,105,87,90,598,0.4118,0.352,0.3819,0.4559,0.6078,0.2581,0.2353,0.4557,0.6712,0.5714,0.1687,0.0231,0.3627,0.1096,0.3943
201144,Mike Conley,MIN,52,20,50,65,45,60,292,0.1176,0.08,0.0615,0.25,0.5049,0.0968,0.0588,0.4051,0.4407,0.2381,0.2494,0.0,0.5315,0.0492,0.3023
1628970,Miles Bridges,CHA,109,110,85,95,50,50,499,0.4706,0.48,0.4693,0.4059,0.5833,0.129,0.4034,0.3418,0.6339,0.2381,0.1027,0.0,0.4227,0.124,0.1287
1630540,Miles McBride,NYK,55,60,53,110,81,80,439,0.1765,0.24,0.3042,0.4294,0.6422,0.0645,0.1176,0.3418,0.6542,0.381,0.3056,0.0,0.4748,0.0709,0.3234
1629011,Mitchell Robinson,NYK,60,90,106,40,90,80,466,0.7647,0.6,0.1003,0.7176,0.6912,0.3871,0.6555,0.1392,0.5763,0.381,0.2934,0.0,0.7107,1.0,0.4766
1642885,Mohamed Diawara,NYK,39,30,40,35,63,30,237,0.5882,0.48,0.0324,0.3471,0.5882,0.0323,0.0336,0.1646,0.3153,0.0476,0.4034,0.0,0.2876,0.1845,0.16
1630541,Moses Moody,GSW,71,75,75,80,80,95,476,0.3529,0.368,0.3074,0.4941,0.5735,0.1935,0.1933,0.1899,0.4678,0.4286,0.4401,0.1474,0.7489,0.1315,0.3848
1631243,Mouhamed Gueye,ATL,60,50,80,45,90,79,404,0.7059,0.36,0.0583,0.3147,0.7206,0.1613,0.2185,0.1772,0.4881,0.3333,0.3203,0.1486,0.5572,0.4019,0.56
1630619,Moussa Cisse,DAL,28,50,100,35,120,72,405,0.7059,0.44,0.0615,0.3882,0.6029,0.3871,0.395,0.038,0.6068,0.1905,0.3814,0.0,0.8199,0.753,0.3463
1631217,Moussa Diabaté,CHA,85,75,100,65,61,102,488,0.6471,0.36,0.1715,0.65,0.4755,0.3226,0.6471,0.2278,0.861,0.3333,0.2836,0.0,0.5132,0.6986,0.2782
1626167,Myles Turner,MIL,85,70,105,63,53,40,416,0.7059,0.68,0.301,0.4471,0.4804,0.5161,0.3613,0.1519,0.4542,0.2857,0.3374,0.0,0.2859,0.3719,0.216
1641772,Nae'Qwan Tomlin,CLE,52,64,90,35,58,81,380,0.5294,0.36,0.1036,0.3441,0.5882,0.1613,0.1597,0.1519,0.4034,0.2381,0.3521,0.0,0.5418,0.276,0.3757
1630230,Naji Marshall,DAL,95,110,60,70,86,45,466,0.4118,0.44,0.4078,0.4706,0.4755,0.0323,0.3109,0.3291,0.6169,0.4762,0.2494,0.0,0.3896,0.113,0.3636
1629675,Naz Reid,MIN,90,89,100,70,73,80,502,0.5882,0.792,0.356,0.3912,0.5686,0.3226,0.437,0.1899,0.4678,0.4286,0.3325,0.1452,0.4788,0.2276,0.377
1629674,Neemias Queta,BOS,85,98,132,48,85,48,496,0.7647,0.664,0.246,0.7118,0.6716,0.4194,0.6218,0.2025,0.5966,0.3333,0.4597,0.0,0.2737,0.6049,0.2894
1629651,Nic Claxton,BKN,85,85,110,60,50,43,433,0.7059,0.4,0.2945,0.4706,0.549,0.3548,0.4958,0.4051,0.5661,0.2857,0.1149,0.0,0.3457,0.3215,0.205
1630208,Nick Richards,CHI,40,50,55,37,35,40,257,0.7059,0.64,0.1036,0.3824,0.1225,0.2258,0.3445,0.0,0.6305,0.0476,0.2421,0.0,0.2788,0.4372,0.0547
1629638,Nickeil Alexander-Walker,ATL,122,120,50,130,50,130,602,0.3529,0.32,0.589,0.5235,0.3382,0.1613,0.2017,0.3165,0.8034,0.5714,0.2103,0.1134,0.5737,0.0984,0.385
201587,Nicolas Batum,LAC,63,131,65,53,37,34,383,0.4706,0.52,0.0453,0.5029,0.4118,0.0968,0.1261,0.1646,0.4407,0.2381,0.2812,0.0,0.401,0.0998,0.3243
203999,Nikola Jokić,DEN,100,147,130,150,60,45,632,0.7059,0.952,0.8123,0.7,0.3676,0.2581,1.0,1.0,1.0,0.619,0.2763,0.0435,0.4197,0.4776,0.4021
1631107,Nikola Jović,MIA,45,40,70,40,105,55,355,0.6471,0.32,0.1521,0.1412,0.6863,0.129,0.1933,0.2152,0.2949,0.2381,0.3619,0.0881,0.2621,0.207,0.3321
202696,Nikola Vučević,BOS,80,95,90,60,51,30,406,0.5882,0.8,0.4045,0.4176,0.4608,0.1935,0.6218,0.3671,0.3085,0.2381,0.4841,0.0534,0.2189,0.5137,0.1519
1642363,Nique Clifford,SAC,83,50,57,68,70,100,428,0.3529,0.08,0.1942,0.2147,0.4412,0.0968,0.2353,0.2278,0.661,0.381,0.4254,0.3622,0.3434,0.0719,0.3448
1641730,Noah Clowney,BKN,80,65,55,85,40,60,385,0.6471,0.36,0.3139,0.3588,0.2696,0.2258,0.2605,0.1266,0.7051,0.3333,0.2103,0.1684,0.347,0.1442,0.2633
1642869,Noah Penda,ORL,42,35,58,40,45,70,290,0.4706,0.4,0.0388,0.2176,0.4853,0.0968,0.1849,0.1772,0.4169,0.1905,0.2543,0.0,0.8506,0.2529,0.3868
1642849,Nolan Traore,BKN,60,40,43,70,35,85,333,0.2353,0.16,0.2039,0.1382,0.4363,0.129,0.0672,0.3038,0.5898,0.3333,0.2127,0.0683,0.4071,0.0727,0.3472
1626181,Norman Powell,MIA,75,125,40,90,40,60,430,0.2353,0.4,0.6181,0.5206,0.3186,0.0645,0.2101,0.1899,0.539,0.4762,0.2103,0.0,0.4545,0.0718,0.3619
1628384,OG Anunoby,NYK,97,115,70,98,105,90,575,0.4706,0.6,0.4563,0.5529,0.6667,0.2258,0.3529,0.1646,0.739,0.7143,0.2812,0.0913,0.4929,0.2377,0.5064
1630534,Ochai Agbaji,BKN,50,63,55,35,69,50,322,0.3529,0.4,0.0809,0.2735,0.6029,0.0968,0.1092,0.1519,0.3661,0.1429,0.4719,0.0,0.3274,0.0886,0.2089
1641765,Olivier-Maxence Prosper,MEM,51,94,55,53,40,105,398,0.4706,0.52,0.2395,0.6765,0.3137,0.0645,0.2101,0.1266,0.5085,0.3333,0.176,0.0815,0.7213,0.3041,0.4385
1630168,Onyeka Okongwu,ATL,100,101,95,81,85,106,568,0.6471,0.6,0.4078,0.4706,0.5,0.3548,0.5546,0.2911,0.5153,0.4762,0.2592,0.0733,0.658,0.3162,0.3399
1642345,Oso Ighodaro,PHX,80,73,95,55,95,43,441,0.7059,0.56,0.1262,0.6,0.6667,0.2258,0.3445,0.2532,0.6915,0.381,0.3496,0.0,0.4345,0.3052,0.4086
1631172,Ousmane Dieng,MIL,55,45,50,55,55,23,283,0.5882,0.16,0.1618,0.2471,0.652,0.0968,0.1849,0.2532,0.4542,0.1429,0.1076,0.0,0.3156,0.0502,0.1467
1629023,P.J. Washington,DAL,78,80,115,50,67,75,465,0.4706,0.52,0.3754,0.3088,0.5245,0.3548,0.5042,0.1266,0.4169,0.4286,0.2665,0.0489,0.4408,0.1824,0.2977
1631094,Paolo Banchero,ORL,111,120,95,85,50,45,506,0.6471,0.68,0.6343,0.3941,0.4608,0.1935,0.6218,0.3797,0.6271,0.2857,0.1785,0.0,0.3564,0.1203,0.1394
1627783,Pascal Siakam,IND,90,125,75,100,73,85,548,0.5294,0.64,0.6926,0.3824,0.4608,0.129,0.4706,0.3165,0.7593,0.4762,0.2347,0.0,0.4253,0.2081,0.3092
1630311,Pat Spencer,GSW,60,40,40,65,60,70,335,0.1765,0.32,0.1489,0.2471,0.2941,0.0323,0.1176,0.3924,0.5153,0.2857,0.1809,0.0,0.6308,0.0445,0.3681
1630172,Patrick Williams,CHI,70,35,45,35,65,48,298,0.4118,0.56,0.1424,0.1824,0.5196,0.129,0.1681,0.1772,0.1593,0.2857,0.3203,0.0,0.4311,0.2821,0.3224
202331,Paul George,PHI,58,90,79,110,89,95,521,0.5294,0.52,0.4757,0.4059,0.4706,0.129,0.3613,0.3544,0.6136,0.7619,0.3496,0.2715,0.4456,0.1745,0.6004
1630194,Paul Reed,DET,50,80,95,30,140,85,480,0.5882,0.36,0.1683,0.6412,0.7549,0.2903,0.2941,0.1519,0.3729,0.381,0.3839,0.109,0.9208,0.4002,0.7232
1630202,Payton Pritchard,BOS,120,105,50,135,49,70,529,0.1176,0.24,0.466,0.4471,0.5686,0.0323,0.2437,0.5949,0.7085,0.2857,0.1565,0.0704,0.4559,0.0858,0.1591
1641796,Pelle Larsson,MIA,80,83,60,74,60,115,472,0.3529,0.4,0.2848,0.5088,0.5833,0.0645,0.2101,0.3671,0.6136,0.2857,0.2225,0.4879,0.1966,0.142,0.2225
1631250,Pete Nance,MIL,41,65,55,59,41,28,289,0.5882,0.48,0.0906,0.6088,0.5882,0.0968,0.1429,0.1646,0.5763,0.0952,0.2787,0.0,0.3453,0.1511,0.1255
1631212,Peyton Watson,DEN,74,85,85,80,70,99,493,0.5294,0.28,0.3883,0.4765,0.5686,0.3548,0.3277,0.1646,0.7288,0.381,0.1809,0.1536,0.5682,0.0438,0.2734
1630173,Precious Achiuwa,SAC,78,73,95,55,90,69,460,0.5294,0.624,0.2427,0.3706,0.5833,0.2258,0.479,0.1772,0.678,0.381,0.3227,0.1268,0.5508,0.256,0.3684
1629656,Quentin Grimes,PHI,95,85,60,74,120,55,489,0.3529,0.336,0.3495,0.45,0.7451,0.129,0.2185,0.3038,0.4915,0.381,0.3301,0.0258,0.477,0.0288,0.2762
1631245,Quenton Jackson,IND,50,60,60,61,85,95,411,0.2941,0.064,0.2104,0.4618,0.5147,0.0323,0.1092,0.3165,0.539,0.2381,0.3936,0.0,0.7339,0.0578,0.3046
1642366,Quinten Post,GSW,60,70,90,60,95,55,430,0.7647,0.584,0.165,0.3765,0.6225,0.1613,0.2521,0.1899,0.5356,0.1429,0.3692,0.0,0.4386,0.3758,0.1781
1629628,RJ Barrett,TOR,76,120,70,103,55,85,509,0.4118,0.392,0.5405,0.45,0.5294,0.0968,0.3613,0.3165,0.8203,0.2857,0.1565,0.125,0.4243,0.0973,0.1778
1642853,Rasheer Fleming,PHX,40,45,95,45,100,35,360,0.5882,0.6,0.055,0.25,0.8382,0.129,0.1092,0.0886,0.5153,0.1429,0.4377,0.0,0.3431,0.1176,0.3046
1641712,Rayan Rupert,MEM,55,25,50,20,80,95,325,0.4706,0.32,0.0841,0.1794,0.4216,0.0323,0.1597,0.1392,0.0949,0.381,0.3619,0.1804,0.57,0.073,0.5768
1642263,Reed Sheppard,HOU,95,72,60,105,86,55,473,0.1765,0.16,0.3528,0.3882,0.5441,0.2258,0.1597,0.3544,0.5797,0.6667,0.2152,0.0,0.5624,0.0395,0.625
1642265,Rob Dillingham,CHI,50,31,40,55,85,80,341,0.1765,0.08,0.1197,0.1088,0.4314,0.0323,0.084,0.2025,0.5729,0.2857,0.3154,0.0,0.6299,0.0282,0.4905
1629057,Robert Williams III,POR,55,95,140,35,105,30,460,0.5882,0.672,0.1327,0.8529,0.7745,0.4839,0.5042,0.1392,0.4814,0.2381,0.4401,0.0,0.3459,0.3759,0.3348
1641842,Ronald Holland II,DET,72,60,75,25,80,75,387,0.5294,0.328,0.1812,0.2735,0.6618,0.0968,0.2521,0.1139,0.2203,0.5238,0.3814,0.1142,0.6852,0.0446,0.6649
1626220,Royce O'Neale,PHX,97,65,63,95,60,45,425,0.4118,0.488,0.233,0.4824,0.4951,0.129,0.3193,0.2911,0.4678,0.4762,0.066,0.0,0.4362,0.1179,0.3825
203497,Rudy Gobert,MIN,108,107,150,30,85,60,540,0.8235,0.744,0.2686,0.6824,0.701,0.5161,0.8824,0.1519,0.4441,0.3333,0.4621,0.0242,0.2211,0.5975,0.21
1629060,Rui Hachimura,LAL,85,80,45,65,61,31,367,0.5294,0.52,0.288,0.5529,0.402,0.0968,0.1933,0.1392,0.5898,0.2381,0.2616,0.0268,0.2298,0.1476,0.1529
201566,Russell Westbrook,SAC,80,82,48,105,72,51,438,0.2941,0.28,0.4078,0.2824,0.299,0.0645,0.3697,0.5443,0.5661,0.5714,0.1467,0.0,0.6995,0.0269,0.4643
1642346,Ryan Dunn,PHX,65,50,86,45,80,58,384,0.4706,0.408,0.1036,0.2941,0.6667,0.129,0.2689,0.2025,0.4102,0.381,0.3741,0.0,0.4872,0.0694,0.4828
1641750,Ryan Kalkbrenner,CHA,70,115,124,20,70,84,483,0.8235,0.728,0.1618,0.9706,0.5637,0.4839,0.3782,0.1013,0.2678,0.1905,0.2983,0.1062,0.3848,0.8831,0.1812
1642948,Ryan Nembhard,DAL,60,37,61,97,65,70,390,0.0,0.12,0.1294,0.1765,0.6078,0.0,0.1008,0.6076,0.6373,0.1429,0.3203,0.1554,0.6427,0.0496,0.1439
1631157,Ryan Rollins,MIL,107,100,79,125,96,104,611,0.2353,0.12,0.4757,0.4441,0.6471,0.129,0.3025,0.481,0.7424,0.6667,0.2934,0.118,0.5464,0.0441,0.4872
1630180,Saddiq Bey,NOP,100,100,50,95,80,56,481,0.5294,0.4,0.4887,0.4324,0.4902,0.0323,0.3866,0.3165,0.6373,0.381,0.2445,0.0243,0.4467,0.1231,0.253
1630573,Sam Hauser,BOS,85,72,70,100,50,70,447,0.4706,0.416,0.2136,0.4647,0.6127,0.0968,0.2353,0.2532,0.6576,0.1905,0.2372,0.0,0.3368,0.1824,0.1393
1630241,Sam Merrill,CLE,65,100,40,115,70,87,477,0.2941,0.32,0.3301,0.6235,0.5294,0.0323,0.1345,0.3165,0.7017,0.2381,0.2934,0.1716,0.3439,0.0816,0.1718
1630572,Sandro Mamukelashvili,TOR,78,100,78,80,66,68,470,0.5882,0.6,0.2783,0.6029,0.549,0.1613,0.3277,0.2532,0.6407,0.3333,0.3081,0.0,0.4517,0.3115,0.3536
1630583,Santi Aldama,MEM,60,95,90,91,70,92,498,0.7647,0.4,0.3689,0.4118,0.4902,0.2258,0.479,0.3165,0.6576,0.381,0.3178,0.1358,0.3544,0.177,0.2977
1630703,Scoot Henderson,POR,41,75,70,80,39,42,347,0.2353,0.336,0.3754,0.3559,0.3775,0.0968,0.1429,0.2785,0.5254,0.381,0.3863,0.0,0.2113,0.1089,0.3486
1630567,Scottie Barnes,TOR,140,112,110,100,90,90,642,0.5294,0.576,0.5016,0.4265,0.4951,0.4839,0.5462,0.5316,0.722,0.619,0.2665,0.0226,0.4546,0.2827,0.4225
1631101,Shaedon Sharpe,POR,70,115,35,65,80,75,440,0.3529,0.36,0.589,0.3353,0.2794,0.0323,0.2773,0.0759,0.5525,0.619,0.22,0.0515,0.5056,0.0955,0.4989
1628983,Shai Gilgeous-Alexander,OKC,100,150,100,135,110,70,665,0.4118,0.24,0.9223,0.6853,0.7843,0.2581,0.2773,0.6709,0.922,0.619,0.3081,0.0228,0.6196,0.0422,0.4275
1630536,Sharife Cooper,WAS,40,69,30,60,40,97,336,0.0588,0.088,0.178,0.5206,0.4265,0.0323,0.0924,0.3038,0.5153,0.1429,0.291,0.6646,0.5263,0.0142,0.1816
1631321,Sidy Cissoko,POR,70,45,60,45,50,77,347,0.4118,0.44,0.0809,0.2412,0.4461,0.0968,0.1008,0.1899,0.4068,0.2857,0.313,0.476,0.5543,0.0864,0.3552
1631323,Simone Fontecchio,MIA,60,55,75,65,70,90,415,0.4706,0.352,0.1909,0.4324,0.6765,0.0323,0.1681,0.2025,0.4915,0.1905,0.3472,0.0,0.5401,0.191,0.2673
1642883,Sion James,CHA,80,29,80,50,60,40,339,0.3529,0.44,0.0906,0.2912,0.6275,0.0645,0.2101,0.2658,0.3288,0.2381,0.3423,0.0337,0.239,0.1218,0.2245
1642461,Spencer Jones,DEN,70,75,63,40,80,85,413,0.4706,0.48,0.0939,0.55,0.6078,0.1613,0.1933,0.1519,0.3661,0.3333,0.2641,0.2057,0.5995,0.172,0.3493
201939,Stephen Curry,GSW,65,139,73,145,52,120,594,0.1765,0.16,0.7767,0.6029,0.4559,0.129,0.2185,0.3544,0.7864,0.4762,0.2249,0.1716,0.751,0.0609,0.3414
1642264,Stephon Castle,SAS,90,100,78,100,64,70,502,0.4118,0.4,0.4563,0.4206,0.6471,0.0968,0.3613,0.6456,0.6068,0.4762,0.2934,0.0253,0.5039,0.0606,0.3554
203500,Steven Adams,HOU,40,45,90,40,115,60,390,0.7059,0.8,0.1036,0.3029,0.7451,0.1935,0.6387,0.1646,0.5661,0.2857,0.445,0.0,0.5673,0.805,0.2773
1629004,Svi Mykhailiuk,UTA,60,81,38,95,50,85,409,0.4706,0.32,0.2201,0.5706,0.4853,0.0323,0.1261,0.2532,0.6881,0.1905,0.3399,0.0656,0.5472,0.0889,0.1587
204456,T.J. McConnell,IND,50,70,50,81,44,125,420,0.1176,0.2,0.2201,0.3971,0.4216,0.0645,0.1008,0.6203,0.5593,0.4286,0.2738,0.3084,0.9796,0.0447,0.6366
1631106,Tari Eason,HOU,71,52,70,60,70,76,399,0.5294,0.4,0.2557,0.2412,0.5833,0.1613,0.4454,0.1266,0.5458,0.5238,0.3154,0.0,0.8002,0.09,0.4844
1627752,Taurean Prince,MIL,35,60,45,90,30,20,280,0.4118,0.424,0.2136,0.5441,0.2598,0.0645,0.1765,0.1899,0.6237,0.2381,0.2787,0.0,0.0,0.0872,0.2096
1641707,Taylor Hendricks,MEM,57,65,70,30,35,40,297,0.5882,0.4,0.1553,0.3941,0.3529,0.1613,0.2269,0.1266,0.2102,0.3333,0.2225,0.0798,0.3065,0.0989,0.4267
1629611,Terance Mann,BKN,70,55,55,80,65,57,382,0.4118,0.4,0.1489,0.3882,0.4314,0.0645,0.1849,0.3544,0.6746,0.2857,0.2469,0.1559,0.287,0.087,0.2525
1630545,Terrence Shannon Jr,MIN,30,41,45,40,45,35,236,0.4118,0.4,0.0971,0.4853,0.4069,0.0,0.0084,0.1519,0.4271,0.0952,0.0293,0.3031,0.244,0.1446,0.1896
1628418,Thomas Bryant,CLE,41,75,90,40,21,30,297,0.5882,0.664,0.1165,0.5676,0.1716,0.129,0.2017,0.1266,0.4068,0.0952,0.3472,0.1242,0.435,0.4948,0.1973
1642275,Tidjane Salaün,CHA,35,58,95,40,25,65,318,0.6471,0.336,0.11,0.5794,0.4804,0.0645,0.2521,0.1139,0.3559,0.1429,0.3178,0.1457,0.4377,0.3117,0.2111
203501,Tim Hardaway Jr.,DEN,95,90,30,95,60,25,395,0.3529,0.32,0.3528,0.5647,0.4167,0.0323,0.1345,0.2278,0.5153,0.1905,0.2494,0.2564,0.1526,0.0586,0.1214
202699,Tobias Harris,DET,78,76,90,85,80,59,468,0.5294,0.488,0.3463,0.4176,0.7255,0.129,0.3445,0.3038,0.6881,0.381,0.2323,0.0,0.4585,0.2546,0.3008
1641739,Toumani Camara,POR,150,87,60,110,75,144,626,0.4706,0.52,0.3495,0.4294,0.5,0.129,0.3445,0.2025,0.7932,0.4762,0.176,0.5006,0.365,0.135,0.3079
1642848,Tre Johnson,WAS,70,65,50,70,71,36,362,0.3529,0.2,0.3107,0.3029,0.4608,0.0968,0.1513,0.1646,0.5424,0.2381,0.2861,0.0,0.2327,0.0474,0.2027
1630200,Tre Jones,CHI,78,105,40,90,100,105,518,0.1176,0.2,0.3722,0.6029,0.4314,0.0645,0.1765,0.6203,0.5661,0.5238,0.3227,0.3368,0.3885,0.0659,0.4573
1630544,Tre Mann,CHA,40,25,34,25,20,43,187,0.2941,0.104,0.0939,0.0882,0.0,0.0323,0.0588,0.1899,0.0542,0.1905,0.1785,0.0,0.6868,0.0715,0.3949
1630570,Trendon Watford,PHI,45,60,50,30,35,39,259,0.5294,0.64,0.1262,0.4147,0.4314,0.129,0.1933,0.2785,0.2373,0.0952,0.2152,0.0,0.5889,0.0895,0.1163
1630530,Trey Murphy III,NOP,105,127,62,120,80,60,554,0.5294,0.328,0.6117,0.5324,0.3725,0.129,0.395,0.3671,0.6542,0.6667,0.2421,0.0,0.4184,0.0451,0.4286
1641774,Tristan Vukcevic,WAS,40,70,68,35,50,34,297,0.7647,0.44,0.2071,0.5029,0.3235,0.2258,0.1681,0.0886,0.3153,0.1905,0.3325,0.1106,0.5255,0.3016,0.3532
1641783,Tristan da Silva,ORL,85,60,60,67,80,65,417,0.5294,0.416,0.2362,0.4235,0.5196,0.0968,0.2269,0.2025,0.5661,0.381,0.3081,0.0,0.3156,0.174,0.3524
1629639,Tyler Herro,MIA,55,121,72,100,45,68,461,0.3529,0.24,0.5793,0.5,0.4314,0.129,0.3193,0.3924,0.5153,0.2857,0.1589,0.0,0.3555,0.0166,0.1681
1642278,Tyler Kolek,NYK,40,27,65,45,65,80,322,0.1765,0.24,0.0583,0.2971,0.6127,0.0323,0.0504,0.3418,0.2847,0.1429,0.445,0.259,0.7433,0.0973,0.323
1631213,Tyrese Martin,PHI,44,45,70,50,45,93,347,0.4118,0.4,0.1197,0.2029,0.6912,0.0323,0.1261,0.2152,0.4,0.1905,0.2225,0.0,0.8318,0.0993,0.2627
1630178,Tyrese Maxey,PHI,137,135,60,137,110,97,676,0.1765,0.28,0.8317,0.4588,0.5784,0.2581,0.2605,0.6456,0.7254,0.8571,0.2934,0.0798,0.4911,0.0334,0.53
1642878,Tyrese Proctor,CLE,30,47,70,40,50,55,292,0.2941,0.16,0.0906,0.3647,0.6765,0.0,0.0252,0.2025,0.3356,0.1905,0.2934,0.139,0.647,0.0915,0.476
1626145,Tyus Jones,DEN,50,20,20,40,75,25,230,0.0588,0.248,0.0129,0.0471,0.2206,0.0,0.0084,0.3671,0.2508,0.2381,0.5672,0.0,0.202,0.0497,0.4134
1642845,VJ Edgecombe,PHI,126,85,70,109,95,115,600,0.2941,0.2,0.4337,0.3176,0.5441,0.1613,0.3866,0.4177,0.7085,0.619,0.2249,0.0,0.7776,0.0545,0.3991
1641705,Victor Wembanyama,SAS,80,134,150,95,139,70,668,1.0,0.56,0.7249,0.5706,0.8627,1.0,0.8824,0.2025,0.7559,0.4286,0.5159,0.1297,0.4133,0.2538,0.3237
1631246,Vince Williams Jr.,UTA,45,30,75,65,91,83,389,0.2941,0.32,0.1586,0.1353,0.7157,0.129,0.2437,0.4177,0.3763,0.2857,0.4817,0.1109,0.4995,0.0613,0.3224
1630249,Vít Krejčí,POR,67,78,65,65,43,58,376,0.5294,0.24,0.1909,0.5206,0.3676,0.0968,0.1092,0.2278,0.4102,0.2857,0.3301,0.0,0.4634,0.097,0.3036
1642383,Walter Clayton Jr.,MEM,68,45,40,70,60,60,343,0.2941,0.24,0.1683,0.2676,0.5343,0.0968,0.084,0.4051,0.5017,0.2381,0.3399,0.2229,0.3372,0.058,0.2604
1628976,Wendell Carter Jr.,ORL,100,95,95,60,90,80,520,0.6471,0.84,0.2977,0.5441,0.5882,0.1935,0.5378,0.2025,0.5831,0.3333,0.3178,0.0776,0.4787,0.6056,0.2328
1642954,Will Richard,GSW,65,80,50,50,75,42,362,0.2353,0.328,0.123,0.4824,0.3824,0.0323,0.1261,0.1772,0.4305,0.5238,0.2445,0.2652,0.3449,0.1046,0.661
1642860,Will Riley,WAS,75,62,49,55,60,50,351,0.5882,0.12,0.2492,0.3412,0.4559,0.0323,0.1597,0.2025,0.4644,0.2857,0.2225,0.0343,0.2822,0.0765,0.2901
1642274,Yves Missi,NOP,63,50,130,44,62,60,409,0.7059,0.56,0.1003,0.3647,0.7255,0.4839,0.4034,0.1772,0.5729,0.0952,0.3594,0.0,0.6926,0.4243,0.0747
1642258,Zaccharie Risacher,ATL,70,65,58,55,70,85,403,0.5294,0.28,0.2265,0.3676,0.4853,0.1613,0.2353,0.1392,0.478,0.381,0.2274,0.0,0.4406,0.0685,0.4014
203897,Zach LaVine,SAC,60,115,24,83,40,35,357,0.3529,0.28,0.5372,0.5353,0.3676,0.0968,0.1513,0.1646,0.5119,0.2857,0.198,0.0,0.1577,0.0382,0.1672
1630192,Zeke Nnaji,DEN,38,50,100,20,65,30,303,0.6471,0.6,0.0356,0.3706,0.8578,0.1613,0.1345,0.1266,0.0,0.0952,0.3203,0.1263,0.4197,0.2203,0.2027
1630533,Ziaire Williams,BKN,62,73,45,45,105,61,391,0.5882,0.16,0.246,0.4324,0.5098,0.129,0.1176,0.1139,0.3288,0.619,0.4181,0.0662,0.5279,0.047,0.6758
1629627,Zion Williamson,NOP,80,130,80,50,90,85,515,0.4118,0.952,0.5955,0.6235,0.7255,0.1613,0.395,0.2658,0.6068,0.4286,0.3252,0.051,0.4717,0.196,0.3162
